bookingID,userID,cancelDateTime,bookingID_exists,userID_exists
89933,722,2026-03-10 11:29:42 AM,0,0
84257,82,2026-03-17 09:38:28 AM,0,0
8569,276,2025-08-12 02:57:37 AM,0,0
72695,1232,2026-03-01 12:50:06 PM,0,0
3029,117,2025-08-01 09:34:21 AM,0,0
89347,643,2026-03-24 05:11:09 PM,0,0
78858,767,2026-03-02 06:44:58 AM,0,0
33018,1471,2025-10-20 07:05:25 AM,0,0
91225,1279,2026-04-08 07:16:46 AM,0,0
12010,848,2025-08-20 07:51:06 PM,0,0
66837,1042,2026-01-10 09:05:21 PM,0,0
41741,1374,2025-11-24 08:33:51 PM,0,0
43365,38,2025-11-23 09:52:05 AM,0,0
59981,1346,2026-01-01 01:23:58 PM,0,0
84150,110,2026-03-03 11:28:28 AM,0,0
37390,626,2025-10-23 02:52:07 AM,0,0
84383,446,2026-03-20 02:13:29 AM,0,0
52415,799,2025-12-04 02:55:47 AM,0,0
87570,19,2026-03-31 07:26:48 PM,0,0
83632,1419,2026-03-03 05:05:29 AM,0,0
96055,765,2026-04-20 09:01:34 PM,0,0
15972,1435,2025-08-29 12:15:36 AM,0,0
93861,102,2026-04-17 04:55:11 PM,0,0
83648,770,2026-03-06 01:49:38 AM,0,0
95053,1428,2026-04-15 04:19:02 PM,0,0
13687,490,2025-08-30 10:43:54 AM,0,0
547,1007,2025-07-26 05:45:54 PM,0,0
84165,577,2026-03-08 09:41:44 AM,0,0
37733,460,2025-11-01 07:46:05 AM,0,0
2563,1255,2025-08-02 08:13:10 AM,0,0
222,846,2025-07-30 07:23:06 AM,0,0
72866,756,2026-02-09 02:46:28 AM,0,0
7601,1212,2025-08-06 08:20:35 PM,0,0
34691,141,2025-10-23 05:23:47 AM,0,0
70733,388,2026-02-01 05:36:01 AM,0,0
65832,1105,2026-01-15 09:31:13 AM,0,0
87684,1240,2026-03-18 04:02:51 PM,0,0
24432,1470,2025-10-05 04:11:50 AM,0,0
47246,912,2025-12-09 08:26:12 AM,0,0
40708,359,2025-11-12 04:42:48 AM,0,0
94084,6,2026-04-04 06:38:53 PM,0,0
25559,21,2025-09-24 02:43:26 PM,0,0
92876,1117,2026-04-21 07:29:28 AM,0,0
75543,673,2026-02-11 07:14:56 PM,0,0
24830,996,2025-09-26 11:49:57 PM,0,0
66847,644,2026-01-25 07:15:39 AM,0,0
42589,1411,2025-11-05 05:31:58 AM,0,0
415,899,2025-07-21 07:19:38 AM,0,0
66643,8,2026-01-24 04:24:37 AM,0,0
43296,718,2025-11-25 12:57:01 AM,0,0
82083,849,2026-03-07 04:28:38 AM,0,0
81313,1113,2026-02-25 01:06:09 AM,0,0
1589,1432,2025-07-25 06:21:35 PM,0,0
49548,482,2025-12-01 10:45:05 AM,0,0
32893,1333,2025-10-27 10:41:04 PM,0,0
91875,1493,2026-04-09 07:46:23 AM,0,0
18947,161,2025-09-07 05:50:48 AM,0,0
94945,1291,2026-04-10 07:24:23 PM,0,0
210,576,2025-07-07 12:46:22 AM,0,0
34260,806,2025-10-15 12:51:46 PM,0,0
16946,187,2025-09-03 02:58:05 PM,0,0
52386,681,2025-11-30 12:48:13 PM,0,0
19037,215,2025-09-05 04:18:40 PM,0,0
8482,1320,2025-08-09 04:32:54 PM,0,0
59548,902,2026-01-13 11:32:39 AM,0,0
26225,896,2025-10-08 07:44:29 AM,0,0
28349,204,2025-10-15 10:28:43 AM,0,0
36021,1192,2025-11-05 09:59:37 AM,0,0
94830,1471,2026-04-12 01:49:55 PM,0,0
43658,685,2025-11-15 06:57:57 AM,0,0
44918,916,2025-12-07 07:00:16 AM,0,0
44257,159,2025-11-23 08:13:40 AM,0,0
41486,821,2025-11-17 07:20:24 AM,0,0
72046,125,2026-01-29 09:39:57 PM,0,0
77372,1280,2026-02-19 05:08:11 AM,0,0
20189,64,2025-09-15 06:47:03 PM,0,0
15889,703,2025-08-29 12:45:55 PM,0,0
89205,889,2026-04-07 09:58:48 AM,0,0
10169,906,2025-08-16 09:41:37 AM,0,0
9781,64,2025-08-10 03:33:48 AM,0,0
41922,803,2025-11-24 06:10:44 AM,0,0
18937,564,2025-09-06 02:32:08 PM,0,0
64132,453,2026-01-18 08:15:04 PM,0,0
49249,206,2025-11-30 02:32:34 AM,0,0
88596,326,2026-03-31 03:19:14 AM,0,0
43131,1446,2025-11-14 09:01:28 AM,0,0
46391,318,2025-12-02 11:50:23 AM,0,0
93732,1392,2026-04-17 02:45:00 AM,0,0
4703,158,2025-08-03 11:22:48 PM,0,0
227,801,2025-07-01 06:27:22 PM,0,0
78849,232,2026-02-22 03:22:29 AM,0,0
92419,996,2026-04-06 02:43:17 AM,0,0
61706,1233,2026-01-24 12:13:03 PM,0,0
66403,24,2026-01-28 08:09:51 AM,0,0
234,355,2025-07-27 04:25:17 PM,0,0
30881,741,2025-10-03 10:25:01 AM,0,0
67509,636,2026-01-16 11:15:32 AM,0,0
34531,531,2025-11-02 05:13:36 PM,0,0
1802,866,2025-07-17 09:27:56 PM,0,0
28304,590,2025-09-28 01:45:50 AM,0,0
83327,554,2026-03-24 09:56:16 AM,0,0
74834,1410,2026-02-08 07:12:05 PM,0,0
72745,490,2026-02-06 04:20:10 PM,0,0
50929,141,2025-12-19 06:51:45 AM,0,0
9700,353,2025-08-06 06:56:39 AM,0,0
63229,565,2026-01-12 02:14:01 AM,0,0
82338,1089,2026-03-08 03:15:59 PM,0,0
33424,913,2025-10-31 04:39:38 AM,0,0
47425,596,2025-12-03 10:58:01 AM,0,0
79416,263,2026-03-08 12:31:49 PM,0,0
92677,668,2026-04-19 05:16:00 AM,0,0
15360,719,2025-09-05 08:30:42 PM,0,0
94813,1050,2026-04-21 07:02:28 AM,0,0
16435,799,2025-09-04 12:02:35 AM,0,0
71894,1271,2026-02-11 11:17:44 AM,0,0
53533,997,2025-12-26 12:19:05 AM,0,0
86998,496,2026-04-07 04:51:18 AM,0,0
51849,556,2025-12-13 09:54:10 PM,0,0
63543,820,2026-01-19 01:29:55 PM,0,0
38852,1279,2025-11-14 07:28:23 PM,0,0
47877,1281,2025-12-01 04:08:09 PM,0,0
680,1170,2025-07-16 07:14:57 AM,0,0
93968,82,2026-04-09 02:16:47 AM,0,0
12700,1181,2025-08-17 05:47:37 AM,0,0
49323,3,2025-12-04 11:04:35 AM,0,0
77721,1046,2026-02-24 01:24:50 AM,0,0
23614,1380,2025-10-07 04:17:35 AM,0,0
75574,1379,2026-02-12 02:16:31 AM,0,0
17033,317,2025-09-06 10:11:16 PM,0,0
38791,578,2025-11-11 02:14:32 AM,0,0
84449,331,2026-03-11 02:59:46 PM,0,0
32610,69,2025-10-04 02:34:01 PM,0,0
43247,1447,2025-11-24 11:00:40 AM,0,0
87379,571,2026-03-21 11:16:07 AM,0,0
33710,901,2025-10-29 11:43:35 PM,0,0
74091,818,2026-02-22 06:54:50 AM,0,0
96797,1159,2026-04-16 12:50:32 PM,0,0
64595,387,2026-01-20 09:51:03 AM,0,0
95583,224,2026-04-07 07:54:56 AM,0,0
2967,927,2025-07-30 05:46:11 AM,0,0
69191,173,2026-01-30 06:46:03 AM,0,0
89671,1030,2026-04-01 09:29:04 PM,0,0
59961,1183,2026-01-10 01:02:44 PM,0,0
95599,749,2026-04-04 11:13:50 PM,0,0
86001,1199,2026-03-21 07:54:28 AM,0,0
58965,1161,2026-01-01 04:34:12 AM,0,0
38189,1376,2025-10-17 05:35:18 PM,0,0
65495,93,2026-01-19 02:37:47 PM,0,0
44879,724,2025-11-16 06:44:26 AM,0,0
16236,1023,2025-09-01 06:21:29 AM,0,0
89564,1354,2026-03-22 02:40:00 PM,0,0
50935,572,2025-12-07 06:50:20 AM,0,0
66458,855,2026-02-04 03:43:27 AM,0,0
39459,237,2025-11-02 09:04:09 PM,0,0
95706,925,2026-04-16 06:37:20 AM,0,0
92434,1458,2026-04-01 08:48:41 AM,0,0
81557,774,2026-02-27 11:27:23 AM,0,0
15214,596,2025-08-28 01:28:23 AM,0,0
80608,1408,2026-03-22 05:55:36 PM,0,0
96988,634,2026-04-21 06:37:41 AM,0,0
30728,811,2025-10-24 01:19:48 PM,0,0
62344,1204,2026-01-13 08:39:27 AM,0,0
54137,275,2025-12-13 04:53:20 AM,0,0
88040,1147,2026-03-19 08:58:32 PM,0,0
44987,706,2025-12-08 01:38:50 PM,0,0
21527,1062,2025-09-05 06:50:06 PM,0,0
97371,1432,2026-04-21 06:57:55 AM,0,0
91748,1361,2026-04-09 12:44:15 AM,0,0
6511,1243,2025-07-24 05:59:23 PM,0,0
26452,583,2025-10-02 10:01:00 AM,0,0
28669,518,2025-10-11 10:37:31 AM,0,0
81345,65,2026-03-16 06:20:52 AM,0,0
58276,1011,2025-12-24 03:54:41 AM,0,0
38039,480,2025-10-28 03:48:27 AM,0,0
26805,1463,2025-10-05 04:49:21 AM,0,0
76821,355,2026-02-19 09:50:14 AM,0,0
7531,634,2025-08-07 01:05:26 PM,0,0
22768,1051,2025-09-13 11:38:54 PM,0,0
25832,671,2025-09-22 05:52:31 AM,0,0
14408,373,2025-08-14 06:37:31 PM,0,0
45637,1138,2025-11-18 06:28:29 AM,0,0
42392,1377,2025-11-17 03:07:47 PM,0,0
36496,1455,2025-10-29 02:39:04 PM,0,0
88384,185,2026-03-23 10:48:55 PM,0,0
82151,993,2026-03-01 04:21:37 PM,0,0
53299,239,2025-12-18 06:42:47 AM,0,0
6109,613,2025-08-10 05:29:34 AM,0,0
59129,95,2025-12-30 07:50:47 AM,0,0
50980,800,2025-12-05 10:43:27 PM,0,0
70690,341,2026-02-05 10:12:03 AM,0,0
6752,465,2025-08-08 06:02:38 AM,0,0
38874,1098,2025-11-09 07:57:06 AM,0,0
35999,939,2025-10-31 01:38:48 PM,0,0
53750,1127,2025-12-15 03:31:33 AM,0,0
83143,1453,2026-03-10 02:45:44 PM,0,0
4175,119,2025-07-19 02:12:27 PM,0,0
79162,772,2026-02-12 12:17:09 AM,0,0
74407,432,2026-02-02 04:30:52 PM,0,0
31349,178,2025-10-30 05:53:56 AM,0,0
50178,318,2025-12-10 03:55:07 AM,0,0
69077,672,2026-01-29 06:45:11 AM,0,0
60241,1099,2026-01-07 03:20:13 PM,0,0
37612,580,2025-11-04 03:33:17 PM,0,0
98234,963,2026-04-23 06:15:01 AM,0,0
47115,1383,2025-11-16 03:26:47 AM,0,0
17996,1453,2025-09-05 09:55:04 PM,0,0
81639,1402,2026-03-03 10:26:36 AM,0,0
19045,1120,2025-09-05 08:59:26 AM,0,0
22642,1079,2025-10-08 05:16:12 PM,0,0
84566,1408,2026-03-26 04:26:13 AM,0,0
27957,1417,2025-09-12 12:59:46 PM,0,0
98635,298,2026-04-17 07:27:32 AM,0,0
43023,311,2025-10-31 06:41:45 AM,0,0
37090,1248,2025-10-23 12:08:58 PM,0,0
76951,462,2026-02-20 09:43:37 PM,0,0
38720,952,2025-11-11 10:16:08 PM,0,0
3891,409,2025-08-01 07:37:46 PM,0,0
55970,522,2026-01-06 10:22:45 PM,0,0
18640,412,2025-09-12 08:13:09 AM,0,0
52450,10,2026-01-03 10:47:25 AM,0,0
29525,1449,2025-09-29 09:26:05 PM,0,0
7248,114,2025-08-10 04:40:19 AM,0,0
18741,1282,2025-09-16 05:59:35 PM,0,0
38190,591,2025-11-15 09:05:45 PM,0,0
9117,353,2025-08-09 12:00:40 AM,0,0
25600,152,2025-10-01 06:30:03 PM,0,0
96340,1404,2026-04-21 05:45:14 PM,0,0
21283,150,2025-09-01 05:44:01 PM,0,0
15051,75,2025-08-25 01:32:15 AM,0,0
3853,955,2025-08-02 07:17:49 AM,0,0
45389,1329,2025-11-17 08:06:35 AM,0,0
8937,1208,2025-08-11 12:39:26 PM,0,0
89285,370,2026-04-06 08:51:39 PM,0,0
41871,699,2025-11-15 10:48:07 AM,0,0
90722,892,2026-04-13 04:22:29 AM,0,0
28696,281,2025-10-02 06:08:26 AM,0,0
23848,220,2025-09-23 08:14:37 AM,0,0
27391,568,2025-10-17 02:29:55 AM,0,0
71522,1002,2026-02-16 04:21:50 AM,0,0
15308,1162,2025-09-03 04:32:45 PM,0,0
82014,808,2026-03-16 01:23:20 AM,0,0
53130,1260,2025-12-27 12:42:52 PM,0,0
84441,606,2026-03-17 11:55:42 AM,0,0
7612,1379,2025-08-10 02:48:28 AM,0,0
96865,952,2026-04-14 04:12:09 PM,0,0
99257,661,2026-04-28 07:22:29 AM,0,0
8357,1350,2025-07-30 05:37:02 PM,0,0
79604,1420,2026-03-05 04:09:47 PM,0,0
37012,426,2025-11-04 12:45:44 PM,0,0
98717,16,2026-04-22 09:43:29 PM,0,0
95976,194,2026-04-23 04:45:15 AM,0,0
67764,492,2026-01-26 02:13:44 AM,0,0
1001,1118,2025-07-10 07:25:09 PM,0,0
13615,579,2025-08-15 08:56:17 PM,0,0
48401,696,2025-12-06 01:47:41 PM,0,0
58332,1038,2025-12-26 03:25:00 PM,0,0
26395,39,2025-09-30 07:20:55 PM,0,0
84731,409,2026-03-23 02:36:41 AM,0,0
58538,439,2026-01-05 11:42:26 AM,0,0
81952,654,2026-03-01 03:43:56 AM,0,0
55836,565,2026-01-01 01:50:07 PM,0,0
65155,657,2026-01-25 05:32:36 AM,0,0
13198,1288,2025-08-27 03:30:07 PM,0,0
65987,272,2026-01-19 10:08:00 AM,0,0
54170,291,2025-12-19 02:47:31 AM,0,0
48509,1271,2025-12-07 02:00:37 AM,0,0
15352,407,2025-08-29 04:32:41 PM,0,0
32768,993,2025-10-25 02:19:32 PM,0,0
6892,296,2025-08-09 05:43:12 AM,0,0
74144,1060,2026-02-13 04:30:51 PM,0,0
68518,641,2026-02-06 05:38:57 PM,0,0
10315,1174,2025-08-06 01:33:22 AM,0,0
80511,1186,2026-03-13 10:32:29 PM,0,0
2665,839,2025-07-25 11:01:02 PM,0,0
72003,1159,2026-02-01 02:11:59 AM,0,0
97150,1175,2026-04-25 07:27:07 AM,0,0
27220,894,2025-10-10 08:11:41 AM,0,0
96359,883,2026-04-10 05:25:41 AM,0,0
4489,894,2025-07-30 11:17:54 AM,0,0
89398,1330,2026-04-14 12:17:16 AM,0,0
41809,437,2025-11-12 09:47:02 PM,0,0
24296,1128,2025-09-17 11:14:34 AM,0,0
73375,185,2026-02-06 06:47:30 AM,0,0
62200,881,2026-01-09 02:58:14 PM,0,0
69091,586,2026-01-29 06:10:32 AM,0,0
77411,1260,2026-02-23 03:46:59 PM,0,0
3693,259,2025-08-05 05:54:33 PM,0,0
64559,1305,2026-01-16 12:02:20 PM,0,0
83105,532,2026-03-10 04:49:35 AM,0,0
71096,894,2026-01-17 10:27:17 AM,0,0
40364,1075,2025-11-09 10:26:01 AM,0,0
10155,54,2025-08-02 01:53:27 AM,0,0
49392,74,2025-12-03 10:11:17 AM,0,0
66666,938,2026-01-20 03:11:55 PM,0,0
49950,812,2025-12-09 03:30:34 PM,0,0
44198,1015,2025-11-22 01:16:22 AM,0,0
70062,221,2026-02-01 03:19:25 AM,0,0
11982,1146,2025-08-27 12:29:47 AM,0,0
34052,528,2025-10-22 08:29:14 PM,0,0
81899,774,2026-03-01 02:53:25 PM,0,0
74505,1377,2026-02-16 02:53:47 PM,0,0
29896,1092,2025-10-26 03:17:31 AM,0,0
29081,1376,2025-09-27 04:23:22 AM,0,0
15188,574,2025-09-11 09:54:05 AM,0,0
1976,818,2025-07-21 02:14:35 AM,0,0
36779,1442,2025-10-31 12:29:21 AM,0,0
50726,1392,2025-12-04 11:35:01 PM,0,0
62597,205,2026-01-14 08:06:29 AM,0,0
76858,295,2026-03-02 06:08:17 PM,0,0
53326,806,2026-01-05 02:59:48 AM,0,0
59587,544,2026-01-13 12:46:13 PM,0,0
64155,350,2026-01-13 02:15:11 AM,0,0
58648,624,2025-12-29 06:16:40 AM,0,0
72434,1306,2026-02-18 02:50:31 PM,0,0
15982,1414,2025-08-30 10:22:17 PM,0,0
14115,887,2025-09-13 09:40:54 PM,0,0
84544,628,2026-03-03 01:43:54 AM,0,0
36774,940,2025-10-25 02:50:17 AM,0,0
62758,576,2026-01-13 12:15:42 PM,0,0
58807,265,2026-01-08 03:31:10 AM,0,0
9928,744,2025-08-11 12:18:09 AM,0,0
57567,1499,2026-01-18 11:58:44 AM,0,0
2284,326,2025-07-29 11:35:05 PM,0,0
79950,1491,2026-03-04 01:47:27 AM,0,0
92215,316,2026-04-06 03:12:12 AM,0,0
85595,972,2026-03-21 04:31:22 PM,0,0
64644,272,2026-01-13 06:00:15 PM,0,0
17106,1125,2025-09-03 10:58:10 PM,0,0
93832,1314,2026-04-16 04:34:20 AM,0,0
60231,464,2026-01-05 06:41:57 PM,0,0
1078,762,2025-07-02 10:24:54 AM,0,0
35208,949,2025-11-01 04:49:06 PM,0,0
41616,314,2025-11-09 02:23:14 PM,0,0
85498,669,2026-03-08 06:00:56 AM,0,0
42129,1281,2025-11-14 11:27:36 PM,0,0
86559,659,2026-03-14 07:34:41 PM,0,0
67950,1244,2026-01-21 05:47:35 PM,0,0
78339,93,2026-03-02 07:40:13 AM,0,0
15273,982,2025-08-30 03:17:38 AM,0,0
40133,1367,2025-11-06 05:14:05 PM,0,0
27063,1479,2025-10-11 02:35:21 AM,0,0
16873,1196,2025-09-05 08:37:30 PM,0,0
35449,176,2025-10-26 08:33:10 AM,0,0
60853,1143,2026-01-08 09:06:57 AM,0,0
50156,691,2025-12-02 02:47:32 PM,0,0
12744,650,2025-08-27 05:31:53 AM,0,0
58352,24,2025-12-14 06:57:25 AM,0,0
56299,1186,2025-12-30 10:54:10 AM,0,0
76010,522,2026-02-01 10:58:18 PM,0,0
67832,1276,2026-01-25 09:57:15 AM,0,0
11113,390,2025-08-17 12:33:11 PM,0,0
72521,1238,2026-01-19 08:25:46 PM,0,0
98339,592,2026-05-02 10:46:19 AM,0,0
90803,323,2026-03-30 01:01:01 AM,0,0
59537,495,2026-01-04 07:37:43 PM,0,0
99435,480,2026-04-20 04:25:14 PM,0,0
53310,21,2025-12-19 06:12:59 AM,0,0
3738,1428,2025-08-01 11:49:57 AM,0,0
67978,701,2026-01-09 05:04:52 PM,0,0
69442,154,2026-02-05 10:34:44 PM,0,0
77076,1283,2026-02-24 11:48:15 AM,0,0
25549,1334,2025-09-17 10:38:57 PM,0,0
63275,146,2026-01-15 06:28:44 AM,0,0
52388,188,2025-12-13 04:22:32 PM,0,0
57746,1265,2026-01-06 11:31:22 AM,0,0
5165,1407,2025-07-30 07:33:13 AM,0,0
22153,825,2025-09-15 09:49:38 PM,0,0
54366,1099,2025-12-17 06:15:32 PM,0,0
64224,568,2026-01-27 03:31:50 PM,0,0
24183,532,2025-09-15 09:27:50 PM,0,0
49294,591,2025-12-06 07:17:20 AM,0,0
55849,1199,2025-12-25 05:44:13 PM,0,0
48856,218,2025-12-02 05:29:15 AM,0,0
26370,613,2025-10-05 05:34:58 PM,0,0
9071,1270,2025-08-23 04:51:54 PM,0,0
53781,443,2025-12-11 09:10:12 AM,0,0
46195,131,2025-11-22 12:42:05 PM,0,0
69797,734,2026-02-12 12:51:13 AM,0,0
36977,1339,2025-11-04 03:35:53 AM,0,0
71275,848,2026-02-04 10:07:26 PM,0,0
60150,195,2026-01-10 02:03:10 AM,0,0
20683,382,2025-08-25 12:32:11 PM,0,0
54600,677,2025-12-20 01:39:12 PM,0,0
37483,795,2025-11-19 10:58:17 PM,0,0
15151,1219,2025-08-27 07:44:02 AM,0,0
28163,484,2025-10-02 12:05:05 AM,0,0
63225,259,2026-01-19 05:48:37 PM,0,0
91679,834,2026-04-09 01:12:19 AM,0,0
16030,1094,2025-09-03 06:27:48 AM,0,0
81092,1448,2026-02-24 10:10:43 PM,0,0
31970,879,2025-10-22 04:23:08 PM,0,0
26867,757,2025-09-29 02:19:06 AM,0,0
94615,839,2026-04-10 08:20:07 AM,0,0
78569,53,2026-02-24 05:20:02 PM,0,0
52063,11,2025-12-16 04:33:12 AM,0,0
21792,1327,2025-09-26 01:12:09 AM,0,0
36999,169,2025-10-29 02:21:24 PM,0,0
80583,152,2026-02-23 02:35:51 AM,0,0
63277,1427,2026-01-15 04:02:50 AM,0,0
27012,971,2025-10-08 01:18:15 AM,0,0
62129,1375,2026-01-13 03:43:39 AM,0,0
51526,1322,2025-12-13 10:37:32 PM,0,0
34748,479,2025-10-21 11:40:39 AM,0,0
20630,1226,2025-09-14 01:39:38 PM,0,0
40212,442,2025-11-19 01:08:52 PM,0,0
99628,559,2026-05-09 08:29:10 PM,0,0
56378,979,2025-12-16 06:15:57 AM,0,0
44708,420,2025-11-11 09:18:11 AM,0,0
14648,1022,2025-09-01 05:55:52 AM,0,0
98285,920,2026-04-15 12:57:06 AM,0,0
39513,38,2025-11-17 10:09:17 AM,0,0
97819,579,2026-04-14 03:43:25 PM,0,0
53572,1055,2025-12-23 07:38:25 PM,0,0
93798,1280,2026-04-11 09:38:43 AM,0,0
49674,32,2025-11-26 02:42:19 AM,0,0
36016,145,2025-10-30 12:06:05 AM,0,0
28918,1239,2025-10-14 12:34:29 PM,0,0
37030,718,2025-11-11 07:05:16 PM,0,0
67320,713,2026-01-24 09:07:21 PM,0,0
11976,459,2025-08-28 07:59:44 PM,0,0
5443,687,2025-07-29 04:46:49 AM,0,0
41395,749,2025-11-15 11:53:58 AM,0,0
38323,1298,2025-11-01 10:15:41 AM,0,0
25866,309,2025-09-16 10:35:07 AM,0,0
77789,1081,2026-02-24 06:20:26 PM,0,0
55713,165,2025-12-27 11:06:25 AM,0,0
96847,1451,2026-04-12 11:45:42 AM,0,0
25687,784,2025-09-27 12:01:07 AM,0,0
32627,896,2025-10-28 02:56:43 AM,0,0
50466,539,2025-12-13 02:55:14 PM,0,0
55014,840,2025-12-30 05:37:47 AM,0,0
52641,885,2025-12-11 10:48:52 PM,0,0
87763,621,2026-03-08 02:07:01 PM,0,0
41723,574,2025-11-19 07:15:25 AM,0,0
16919,720,2025-09-03 08:29:51 AM,0,0
98814,1305,2026-04-28 01:58:48 PM,0,0
79693,1408,2026-02-24 07:27:29 PM,0,0
78732,309,2026-02-23 04:13:34 AM,0,0
77059,1499,2026-02-14 10:12:32 PM,0,0
80620,1118,2026-03-10 12:55:16 AM,0,0
96857,803,2026-04-18 12:02:16 PM,0,0
79444,1447,2026-03-08 01:18:09 AM,0,0
48573,719,2025-11-27 05:02:25 PM,0,0
73129,1359,2026-01-29 01:48:02 PM,0,0
18057,608,2025-09-11 01:52:58 PM,0,0
42313,529,2025-11-14 06:16:29 PM,0,0
78730,512,2026-02-28 06:47:10 AM,0,0
13937,606,2025-09-02 01:46:37 PM,0,0
28628,1300,2025-10-04 09:47:31 PM,0,0
53391,814,2025-12-20 06:02:41 AM,0,0
56021,812,2026-01-03 11:16:20 AM,0,0
24212,1277,2025-10-10 09:11:09 AM,0,0
93212,680,2026-04-20 06:01:00 AM,0,0
32442,758,2025-10-27 06:51:33 PM,0,0
82363,324,2026-03-05 09:45:34 AM,0,0
98675,1278,2026-04-23 07:06:20 PM,0,0
86144,863,2026-03-22 11:38:46 AM,0,0
71643,736,2026-02-09 04:28:42 PM,0,0
48746,1441,2025-12-11 06:54:34 AM,0,0
37518,127,2025-10-28 04:15:28 AM,0,0
61432,292,2026-01-15 12:37:20 AM,0,0
91691,1341,2026-04-11 08:56:01 AM,0,0
93920,1434,2026-04-12 10:14:12 PM,0,0
26284,731,2025-09-23 10:16:21 AM,0,0
89827,1120,2026-03-29 03:52:31 AM,0,0
7375,82,2025-08-10 10:25:02 PM,0,0
52725,1152,2025-12-21 11:58:06 AM,0,0
42003,1273,2025-11-06 05:19:14 AM,0,0
52414,331,2025-12-02 03:57:56 AM,0,0
55204,1114,2025-12-21 03:09:48 PM,0,0
60600,1044,2026-01-10 05:07:16 AM,0,0
38610,274,2025-11-05 05:10:44 PM,0,0
7026,1128,2025-08-05 12:11:41 AM,0,0
82582,848,2026-03-03 05:02:35 PM,0,0
71432,172,2026-01-30 12:13:05 PM,0,0
87338,601,2026-04-03 07:09:23 PM,0,0
1147,257,2025-07-23 07:50:00 AM,0,0
41472,1363,2025-11-17 09:48:19 AM,0,0
56823,447,2026-01-02 03:35:52 AM,0,0
31432,723,2025-10-14 08:27:12 AM,0,0
87159,142,2026-04-02 04:07:51 AM,0,0
59887,552,2026-01-03 09:18:58 PM,0,0
79189,1424,2026-02-23 11:31:12 PM,0,0
4590,504,2025-07-25 10:58:50 PM,0,0
68148,246,2026-01-28 07:53:53 AM,0,0
73297,1121,2026-02-15 11:24:29 PM,0,0
14725,182,2025-09-07 05:36:36 AM,0,0
76175,1280,2026-02-20 01:09:01 PM,0,0
36957,1212,2025-11-07 09:25:18 AM,0,0
74200,744,2026-02-16 06:08:01 PM,0,0
98553,736,2026-04-25 05:39:36 PM,0,0
12625,1169,2025-08-25 04:49:36 PM,0,0
32363,835,2025-10-25 01:17:22 PM,0,0
20651,1289,2025-09-18 04:29:16 PM,0,0
7010,548,2025-07-31 06:58:10 PM,0,0
74740,445,2026-02-26 03:30:21 AM,0,0
43804,1262,2025-11-27 11:58:25 AM,0,0
45970,1154,2025-11-02 06:35:48 AM,0,0
40409,299,2025-10-26 03:55:37 PM,0,0
58822,877,2025-12-22 03:02:08 PM,0,0
71691,713,2026-02-02 02:11:51 PM,0,0
63943,516,2026-01-10 09:32:01 PM,0,0
46729,1469,2025-12-07 03:09:53 AM,0,0
90524,209,2026-03-23 09:15:25 PM,0,0
86219,642,2026-03-25 07:15:20 PM,0,0
10818,497,2025-08-22 09:44:43 AM,0,0
60094,1385,2026-01-02 07:48:34 AM,0,0
94816,560,2026-04-14 05:37:17 PM,0,0
58327,524,2025-12-27 03:01:42 PM,0,0
76187,356,2026-03-07 11:56:52 AM,0,0
56725,1087,2025-12-21 08:38:33 AM,0,0
2619,1070,2025-08-01 06:41:31 PM,0,0
22083,1300,2025-09-16 08:14:24 PM,0,0
7582,975,2025-08-13 03:14:04 AM,0,0
50495,412,2025-11-29 11:56:34 PM,0,0
58277,1401,2025-12-22 12:37:51 PM,0,0
14614,1223,2025-08-27 08:22:42 PM,0,0
98764,1201,2026-04-21 06:04:39 AM,0,0
17191,987,2025-09-19 06:01:30 PM,0,0
82810,1020,2026-03-17 02:08:55 PM,0,0
61810,1019,2026-01-19 07:47:13 AM,0,0
12584,1163,2025-08-22 06:31:49 AM,0,0
79009,898,2026-03-03 06:28:41 PM,0,0
30862,1474,2025-10-13 08:20:39 AM,0,0
85220,1262,2026-03-13 03:35:22 PM,0,0
96702,743,2026-04-19 06:50:58 AM,0,0
43921,1362,2025-10-27 08:52:30 AM,0,0
85114,1047,2026-03-08 06:14:12 AM,0,0
92913,545,2026-04-09 12:20:55 AM,0,0
34079,802,2025-10-21 06:38:44 PM,0,0
24180,633,2025-09-19 08:43:17 PM,0,0
81055,504,2026-03-05 05:11:43 PM,0,0
57283,609,2025-12-17 11:45:46 PM,0,0
43196,507,2025-11-06 05:29:48 AM,0,0
32264,1302,2025-10-22 02:13:21 AM,0,0
20479,586,2025-09-19 12:12:11 AM,0,0
43510,866,2025-11-30 02:18:33 AM,0,0
78193,1139,2026-03-05 04:11:54 AM,0,0
47483,399,2025-11-27 03:26:47 AM,0,0
77640,1044,2026-03-03 03:33:33 AM,0,0
41902,229,2025-11-13 09:55:44 PM,0,0
24535,1380,2025-10-07 08:57:32 AM,0,0
88990,1044,2026-04-07 06:52:25 PM,0,0
73718,1006,2026-02-13 12:04:13 AM,0,0
86883,1290,2026-03-30 11:51:08 PM,0,0
21366,17,2025-09-23 11:32:48 AM,0,0
99594,1243,2026-04-24 05:09:48 PM,0,0
48483,1179,2025-12-03 11:43:58 AM,0,0
80501,83,2026-03-15 04:08:50 AM,0,0
78242,467,2026-03-01 10:36:27 PM,0,0
59784,1258,2026-01-15 06:48:10 AM,0,0
69723,92,2026-01-31 03:26:53 PM,0,0
79095,167,2026-02-16 04:11:45 PM,0,0
76400,224,2026-02-18 04:11:35 PM,0,0
33377,1406,2025-10-10 10:11:04 AM,0,0
24158,452,2025-09-06 08:18:03 PM,0,0
79689,348,2026-03-06 06:29:05 PM,0,0
80225,332,2026-03-01 08:09:28 PM,0,0
55699,1059,2025-12-31 07:56:28 AM,0,0
7953,1244,2025-08-05 03:02:29 PM,0,0
91396,59,2026-04-05 06:56:46 AM,0,0
93296,1108,2026-04-14 03:27:40 PM,0,0
67656,219,2026-01-21 05:10:39 PM,0,0
15366,907,2025-09-10 12:28:00 AM,0,0
32649,271,2025-10-04 11:28:14 PM,0,0
17022,1171,2025-09-07 10:27:09 PM,0,0
50227,369,2025-12-03 05:38:31 PM,0,0
21252,104,2025-09-18 06:25:28 PM,0,0
11098,1142,2025-08-11 12:48:51 PM,0,0
17755,907,2025-09-12 04:51:40 AM,0,0
9618,658,2025-08-12 12:06:51 AM,0,0
29826,1000,2025-10-22 09:29:50 AM,0,0
91590,315,2026-04-06 03:40:54 AM,0,0
33898,732,2025-10-10 11:52:36 AM,0,0
61657,1184,2026-01-03 12:42:55 AM,0,0
13852,242,2025-08-30 06:11:10 PM,0,0
36234,649,2025-10-21 10:36:46 AM,0,0
79203,339,2026-02-27 09:43:40 PM,0,0
30186,985,2025-10-12 09:24:57 AM,0,0
25925,1286,2025-09-22 09:01:10 AM,0,0
81293,111,2026-03-11 10:11:54 PM,0,0
23824,1379,2025-10-01 12:57:58 AM,0,0
22407,682,2025-09-19 04:20:44 AM,0,0
3932,1320,2025-07-31 02:25:40 PM,0,0
69218,932,2026-01-29 06:23:36 PM,0,0
24995,367,2025-09-25 08:31:19 PM,0,0
9082,1214,2025-08-10 05:01:07 PM,0,0
35064,461,2025-11-06 06:24:45 PM,0,0
94212,1027,2026-04-14 11:26:46 AM,0,0
92893,799,2026-03-25 02:48:08 PM,0,0
32399,696,2025-10-17 11:03:07 PM,0,0
44507,49,2025-11-20 04:13:22 AM,0,0
81154,1359,2026-03-19 12:48:40 AM,0,0
57575,836,2025-12-13 12:20:48 PM,0,0
48985,1070,2025-12-15 04:51:29 AM,0,0
16986,40,2025-08-31 04:57:50 PM,0,0
2550,554,2025-07-16 05:47:50 AM,0,0
84211,54,2026-03-18 07:24:44 PM,0,0
34956,1014,2025-10-27 11:35:14 AM,0,0
93486,1455,2026-03-29 08:43:02 PM,0,0
21892,283,2025-09-21 10:33:28 PM,0,0
24999,1479,2025-10-04 03:10:40 AM,0,0
74161,1178,2026-02-15 03:43:41 PM,0,0
7707,1323,2025-08-01 06:07:48 PM,0,0
82728,299,2026-03-14 02:17:18 PM,0,0
18616,749,2025-09-11 05:12:16 PM,0,0
66037,430,2026-01-29 04:39:37 AM,0,0
18635,1397,2025-09-08 12:23:45 PM,0,0
27572,33,2025-09-23 03:57:55 AM,0,0
38006,819,2025-11-01 01:34:37 AM,0,0
71614,489,2026-02-11 12:00:22 AM,0,0
99485,1488,2026-04-20 06:07:40 PM,0,0
99502,454,2026-04-25 11:41:25 PM,0,0
1918,1114,2025-08-02 11:42:50 PM,0,0
80822,1480,2026-02-25 04:11:14 AM,0,0
11658,595,2025-08-22 11:06:25 PM,0,0
79098,855,2026-03-01 12:28:30 PM,0,0
29444,769,2025-10-16 10:39:35 PM,0,0
84439,622,2026-03-18 04:13:22 AM,0,0
60009,655,2025-12-22 09:24:07 PM,0,0
89273,662,2026-03-28 01:45:36 AM,0,0
34133,1447,2025-10-27 11:31:49 PM,0,0
43706,1406,2025-11-11 04:48:04 AM,0,0
31289,1491,2025-10-11 06:42:39 AM,0,0
18024,1463,2025-09-07 08:13:25 AM,0,0
82206,607,2026-03-09 10:12:46 PM,0,0
34485,1340,2025-11-01 07:51:09 AM,0,0
24044,48,2025-10-01 07:02:51 AM,0,0
14338,855,2025-08-29 08:14:34 AM,0,0
82108,1154,2026-03-15 05:07:04 PM,0,0
1838,1430,2025-07-04 06:19:52 AM,0,0
38200,8,2025-11-02 04:43:14 PM,0,0
47317,906,2025-11-25 10:18:44 AM,0,0
21202,60,2025-09-06 08:45:14 AM,0,0
41314,922,2025-11-12 10:32:05 AM,0,0
4616,1261,2025-08-03 10:07:30 PM,0,0
9475,1148,2025-08-09 08:07:42 AM,0,0
30868,1326,2025-10-18 05:54:17 PM,0,0
59222,1212,2025-12-30 06:53:38 PM,0,0
63563,258,2026-01-17 03:51:00 AM,0,0
97619,610,2026-04-22 03:57:33 AM,0,0
95150,315,2026-04-05 01:27:59 AM,0,0
33745,169,2025-10-24 10:19:48 AM,0,0
68909,659,2026-01-30 11:53:15 AM,0,0
86036,200,2026-03-18 05:25:30 PM,0,0
65479,1411,2026-01-29 08:45:01 PM,0,0
69009,1265,2026-02-06 01:34:00 PM,0,0
7270,424,2025-08-02 01:16:50 PM,0,0
46860,195,2025-11-19 09:33:29 PM,0,0
94696,2,2026-04-12 02:37:12 PM,0,0
79427,112,2026-03-04 06:22:26 PM,0,0
47239,838,2025-11-23 04:09:52 PM,0,0
85900,1117,2026-03-13 11:44:50 AM,0,0
55372,1264,2026-01-06 06:33:30 AM,0,0
17440,876,2025-09-11 02:43:27 AM,0,0
27851,1367,2025-10-06 07:26:39 AM,0,0
55906,1107,2025-12-26 02:15:01 AM,0,0
92786,430,2026-03-30 09:15:50 PM,0,0
51577,442,2025-12-16 02:04:18 PM,0,0
40903,1178,2025-11-09 01:17:33 AM,0,0
26293,618,2025-09-30 04:33:04 PM,0,0
78677,689,2026-02-19 05:33:40 AM,0,0
48434,1393,2025-11-28 01:24:45 AM,0,0
86056,475,2026-03-14 07:14:06 AM,0,0
28169,624,2025-09-26 11:08:12 AM,0,0
20547,702,2025-09-12 06:42:57 PM,0,0
44212,950,2025-12-04 10:45:26 PM,0,0
98839,1280,2026-04-16 10:32:47 PM,0,0
61714,1298,2026-01-11 07:26:14 PM,0,0
58747,845,2026-01-02 11:50:00 AM,0,0
11765,976,2025-09-06 03:03:58 PM,0,0
4634,1312,2025-07-30 06:33:26 AM,0,0
35998,695,2025-10-26 08:43:57 PM,0,0
74146,1256,2026-02-06 11:02:28 AM,0,0
20230,581,2025-09-08 12:17:35 PM,0,0
45431,1441,2025-12-04 01:12:08 PM,0,0
29616,1216,2025-09-25 04:58:35 PM,0,0
44560,1447,2025-11-27 09:39:22 AM,0,0
90253,1476,2026-03-27 04:25:11 PM,0,0
57784,871,2026-01-17 07:31:37 PM,0,0
10236,269,2025-08-18 06:35:20 AM,0,0
30980,560,2025-11-03 04:33:56 AM,0,0
43827,377,2025-11-17 02:15:36 AM,0,0
23076,885,2025-09-21 02:07:30 AM,0,0
39522,44,2025-10-27 03:15:09 PM,0,0
87353,973,2026-03-13 02:30:33 AM,0,0
90748,597,2026-04-01 02:09:44 AM,0,0
88645,549,2026-04-08 05:01:29 AM,0,0
34729,1072,2025-10-13 08:50:12 PM,0,0
65115,949,2026-01-04 08:49:59 AM,0,0
85575,1400,2026-03-16 04:11:02 PM,0,0
49279,164,2025-11-26 05:02:34 PM,0,0
17609,703,2025-09-07 12:46:57 PM,0,0
9900,1419,2025-08-14 05:03:45 AM,0,0
14440,530,2025-09-06 03:38:07 PM,0,0
97160,453,2026-04-09 07:45:41 AM,0,0
34550,1074,2025-10-13 08:44:35 AM,0,0
11321,652,2025-08-19 12:24:16 PM,0,0
62360,1430,2026-01-13 03:21:55 PM,0,0
36808,706,2025-10-28 12:23:27 PM,0,0
50488,580,2025-12-18 10:15:40 AM,0,0
14161,509,2025-08-31 09:36:40 PM,0,0
85086,71,2026-03-11 07:17:23 PM,0,0
32595,1480,2025-10-14 09:31:27 AM,0,0
4350,1090,2025-08-02 01:14:41 PM,0,0
89701,93,2026-04-13 02:59:57 PM,0,0
87706,507,2026-03-17 09:03:09 AM,0,0
23819,1000,2025-09-28 06:53:59 AM,0,0
31321,558,2025-10-26 03:56:16 AM,0,0
18186,321,2025-09-13 05:50:52 AM,0,0
38899,1148,2025-11-03 04:00:12 AM,0,0
96501,54,2026-04-25 11:56:14 PM,0,0
717,519,2025-07-27 10:47:55 AM,0,0
95862,323,2026-03-29 06:31:34 PM,0,0
53260,896,2025-12-25 03:28:15 PM,0,0
69488,529,2026-02-12 06:03:08 PM,0,0
57139,789,2025-12-23 05:41:37 PM,0,0
57592,93,2025-11-30 09:31:46 AM,0,0
26130,1148,2025-10-03 01:30:55 AM,0,0
46227,36,2025-11-30 09:40:23 PM,0,0
3939,182,2025-08-06 01:50:06 PM,0,0
69175,459,2026-01-28 05:21:54 AM,0,0
7792,1384,2025-08-14 10:35:57 AM,0,0
57435,1429,2025-12-24 05:05:35 AM,0,0
19460,859,2025-09-23 06:57:35 PM,0,0
18868,215,2025-09-08 07:23:21 PM,0,0
53670,528,2025-12-23 03:18:54 AM,0,0
87341,1466,2026-03-24 11:13:32 PM,0,0
13448,1391,2025-08-28 01:51:00 PM,0,0
45425,725,2025-11-26 08:57:33 PM,0,0
84825,965,2026-03-10 06:46:52 PM,0,0
7649,709,2025-08-04 01:25:32 PM,0,0
27290,127,2025-10-13 05:15:07 PM,0,0
41816,1013,2025-11-19 05:20:37 AM,0,0
9411,640,2025-08-04 02:10:06 AM,0,0
38694,376,2025-10-26 08:00:43 AM,0,0
27625,968,2025-10-16 06:09:01 AM,0,0
69763,827,2026-02-03 07:28:02 AM,0,0
62561,811,2026-01-12 02:44:35 PM,0,0
68787,1258,2026-02-01 06:32:11 AM,0,0
7048,1473,2025-08-09 01:05:54 PM,0,0
26760,826,2025-09-23 03:38:11 AM,0,0
60036,1140,2026-01-03 08:04:51 AM,0,0
16071,355,2025-08-29 09:06:21 PM,0,0
31544,1386,2025-09-21 10:29:21 AM,0,0
16742,475,2025-09-05 06:47:44 AM,0,0
42106,335,2025-11-15 11:51:52 AM,0,0
82433,209,2026-03-16 10:22:54 PM,0,0
86503,139,2026-03-20 12:09:37 PM,0,0
60761,1122,2025-12-25 09:28:26 PM,0,0
92260,1438,2026-04-09 04:40:39 PM,0,0
44544,1323,2025-11-27 01:51:49 PM,0,0
19173,438,2025-09-05 11:08:11 AM,0,0
6353,569,2025-07-30 10:24:26 PM,0,0
60699,1106,2026-01-18 11:49:10 AM,0,0
72512,1167,2026-02-10 09:59:34 PM,0,0
76991,558,2026-02-26 11:57:08 AM,0,0
34677,1412,2025-10-18 10:00:39 PM,0,0
30249,1186,2025-10-14 05:38:45 PM,0,0
433,582,2025-07-12 12:10:32 PM,0,0
39692,219,2025-11-17 05:28:25 PM,0,0
66581,939,2026-01-25 05:56:11 AM,0,0
93819,1427,2026-04-03 11:56:56 AM,0,0
3341,1225,2025-07-24 01:13:15 PM,0,0
63506,1062,2026-01-27 01:41:50 PM,0,0
33457,649,2025-10-19 06:02:38 AM,0,0
59282,1304,2026-01-01 08:46:06 AM,0,0
23349,586,2025-09-19 12:37:11 PM,0,0
27177,209,2025-10-04 07:44:04 AM,0,0
17283,1471,2025-09-03 09:26:19 AM,0,0
902,799,2025-07-20 03:59:37 PM,0,0
18374,236,2025-09-18 03:26:06 AM,0,0
34416,293,2025-11-08 04:50:19 AM,0,0
47588,674,2025-12-01 01:44:42 AM,0,0
65564,1232,2026-01-22 08:29:13 PM,0,0
56876,592,2026-01-05 04:25:25 PM,0,0
15203,243,2025-08-30 07:09:16 AM,0,0
397,660,2025-07-30 01:25:21 PM,0,0
95025,393,2026-03-30 10:24:02 PM,0,0
53410,1382,2025-12-15 12:30:35 AM,0,0
77974,696,2026-02-27 03:30:42 PM,0,0
50097,1445,2025-12-06 12:35:18 PM,0,0
79204,1314,2026-02-27 10:28:09 AM,0,0
17293,512,2025-09-08 09:17:07 AM,0,0
32280,1447,2025-10-25 05:01:42 PM,0,0
61734,1430,2026-01-10 04:37:51 AM,0,0
41413,262,2025-11-07 03:50:27 PM,0,0
33028,393,2025-10-14 10:05:05 AM,0,0
84768,204,2026-03-05 03:06:21 AM,0,0
81027,1147,2026-02-26 05:20:47 PM,0,0
34414,266,2025-10-09 09:06:17 PM,0,0
19181,952,2025-09-20 06:01:37 PM,0,0
67890,1070,2026-02-05 10:02:18 AM,0,0
59768,813,2026-01-03 03:57:40 PM,0,0
37772,1203,2025-10-17 08:57:52 AM,0,0
4297,634,2025-07-30 08:41:48 AM,0,0
13052,563,2025-08-31 06:39:10 PM,0,0
27687,1028,2025-10-06 07:56:57 AM,0,0
84830,1473,2026-03-10 09:26:08 AM,0,0
67408,826,2026-01-31 12:25:22 PM,0,0
12211,1045,2025-08-26 03:47:38 AM,0,0
35165,1111,2025-11-03 12:03:38 PM,0,0
40998,937,2025-11-12 05:47:45 PM,0,0
64754,443,2026-01-07 08:11:07 AM,0,0
16770,476,2025-09-17 10:19:26 AM,0,0
78578,596,2026-03-06 05:34:34 PM,0,0
88555,1484,2026-04-01 11:12:25 PM,0,0
74015,1217,2026-02-17 05:14:16 PM,0,0
7861,1409,2025-08-09 04:23:41 AM,0,0
1822,951,2025-06-30 10:06:55 PM,0,0
95330,336,2026-04-11 05:36:08 AM,0,0
83273,967,2026-03-01 07:28:46 AM,0,0
27083,355,2025-10-11 11:47:07 AM,0,0
83044,1078,2026-03-12 09:19:27 PM,0,0
13202,585,2025-09-03 06:54:37 PM,0,0
71086,63,2026-02-13 07:10:06 AM,0,0
51725,1024,2025-12-14 09:21:21 AM,0,0
63354,150,2026-01-21 06:43:05 AM,0,0
90330,7,2026-04-01 04:22:23 AM,0,0
1595,73,2025-07-25 04:54:36 AM,0,0
59709,347,2025-12-27 10:46:05 AM,0,0
50719,1254,2025-11-29 05:27:25 PM,0,0
90614,959,2026-03-23 12:18:01 PM,0,0
55365,811,2025-12-25 01:29:00 AM,0,0
80165,395,2026-02-27 01:52:24 PM,0,0
38565,284,2025-11-15 06:02:42 AM,0,0
89874,1091,2026-04-05 01:30:13 AM,0,0
18125,8,2025-08-25 10:35:01 PM,0,0
70433,811,2026-02-05 11:56:20 AM,0,0
50481,596,2025-12-04 07:59:02 PM,0,0
5858,1387,2025-08-12 12:38:34 AM,0,0
346,25,2025-07-22 03:54:20 PM,0,0
78692,921,2026-03-09 02:18:36 AM,0,0
37585,422,2025-10-20 08:18:05 PM,0,0
17932,1050,2025-09-11 10:58:52 PM,0,0
23654,605,2025-09-12 03:54:04 AM,0,0
34909,77,2025-11-03 09:56:48 AM,0,0
70488,626,2026-01-30 06:31:48 PM,0,0
57140,1459,2026-01-10 11:13:20 AM,0,0
95036,437,2026-04-02 02:20:07 AM,0,0
26884,712,2025-09-12 07:27:55 AM,0,0
9942,1303,2025-08-13 05:17:57 AM,0,0
19040,1264,2025-09-11 09:56:01 AM,0,0
77246,1193,2026-02-19 05:46:50 AM,0,0
13860,752,2025-08-29 05:19:16 PM,0,0
57049,251,2025-12-27 06:01:41 PM,0,0
68157,398,2026-01-26 02:10:29 PM,0,0
69376,1015,2026-02-01 04:28:23 AM,0,0
50781,869,2025-12-07 03:33:49 AM,0,0
36879,1113,2025-11-05 09:58:44 PM,0,0
20844,761,2025-09-24 05:22:42 AM,0,0
48798,90,2025-11-25 11:36:22 PM,0,0
89863,969,2026-03-31 03:59:55 AM,0,0
97514,376,2026-04-12 02:00:51 AM,0,0
4705,332,2025-07-25 07:15:28 AM,0,0
75069,1319,2026-02-18 04:51:19 AM,0,0
50126,15,2025-12-01 05:44:22 AM,0,0
66693,812,2026-01-20 10:46:43 PM,0,0
53589,969,2025-12-05 05:53:24 AM,0,0
56214,1476,2025-12-24 12:01:01 AM,0,0
18512,82,2025-09-05 12:09:34 PM,0,0
89697,606,2026-03-27 11:47:15 AM,0,0
10117,628,2025-08-07 12:33:31 AM,0,0
37588,283,2025-10-25 03:28:38 PM,0,0
25694,248,2025-10-03 06:15:57 AM,0,0
18927,1004,2025-09-12 06:50:39 AM,0,0
70729,132,2026-02-04 02:28:16 PM,0,0
42559,1212,2025-11-17 02:10:42 AM,0,0
60519,614,2025-12-30 02:33:32 AM,0,0
33347,19,2025-10-28 06:35:46 PM,0,0
84850,792,2026-03-22 05:27:58 PM,0,0
81855,1184,2026-03-03 06:18:38 AM,0,0
53466,1346,2025-12-11 01:27:07 PM,0,0
82162,1459,2026-03-15 02:11:08 PM,0,0
55367,1173,2025-12-18 08:24:28 PM,0,0
70750,276,2026-02-08 08:10:56 PM,0,0
45473,1210,2025-11-19 12:06:39 AM,0,0
26796,72,2025-09-23 08:56:36 PM,0,0
36840,1198,2025-11-06 04:43:16 AM,0,0
40704,422,2025-11-21 09:36:57 PM,0,0
25048,1229,2025-10-07 08:58:22 PM,0,0
39346,601,2025-11-07 01:53:29 PM,0,0
71313,128,2026-02-08 07:14:58 AM,0,0
74588,589,2026-02-12 06:26:44 AM,0,0
40819,1389,2025-11-12 02:33:26 PM,0,0
3436,1169,2025-07-30 10:17:47 AM,0,0
10369,598,2025-08-17 09:49:37 PM,0,0
11095,1439,2025-08-27 08:24:04 PM,0,0
49180,1309,2025-11-29 02:18:38 AM,0,0
99939,386,2026-04-28 11:11:03 AM,0,0
20731,1471,2025-09-18 10:58:48 AM,0,0
61426,253,2026-01-13 01:40:12 AM,0,0
87704,122,2026-03-26 07:39:45 AM,0,0
80789,465,2026-02-22 05:20:36 PM,0,0
55937,590,2026-01-01 05:26:05 AM,0,0
64499,912,2026-01-25 07:18:29 AM,0,0
17583,818,2025-09-07 04:23:03 AM,0,0
69308,152,2026-01-22 07:16:04 PM,0,0
72929,929,2026-02-16 06:43:04 AM,0,0
2545,1185,2025-08-01 06:07:51 AM,0,0
72168,849,2026-02-05 12:26:57 PM,0,0
37312,613,2025-11-06 03:15:51 PM,0,0
78305,208,2026-03-02 04:22:58 PM,0,0
43689,67,2025-11-30 09:40:27 PM,0,0
28421,1,2025-10-15 08:22:41 AM,0,0
79627,1463,2026-02-25 03:35:34 PM,0,0
51759,441,2025-12-06 07:56:51 PM,0,0
92645,34,2026-04-13 07:31:24 PM,0,0
86702,1427,2026-03-07 08:15:05 AM,0,0
55643,114,2025-12-19 03:35:56 AM,0,0
87634,859,2026-03-09 11:18:57 PM,0,0
40641,841,2025-11-19 05:54:33 PM,0,0
70934,24,2026-02-09 04:34:42 AM,0,0
24901,159,2025-09-21 12:00:58 PM,0,0
41790,525,2025-11-08 04:59:39 PM,0,0
61577,1492,2026-01-11 04:47:27 AM,0,0
1441,450,2025-07-15 03:08:49 AM,0,0
2,260,2025-08-02 05:16:05 AM,0,0
77794,706,2026-02-24 04:52:50 PM,0,0
9840,748,2025-08-08 12:42:43 PM,0,0
54001,900,2025-12-25 05:45:38 AM,0,0
45525,476,2025-12-10 03:52:00 PM,0,0
4812,393,2025-08-03 12:15:06 AM,0,0
42620,582,2025-10-26 10:30:53 PM,0,0
52571,983,2025-12-11 01:48:14 PM,0,0
37790,1454,2025-11-06 09:32:46 PM,0,0
98944,273,2026-04-23 11:58:07 AM,0,0
15396,1066,2025-08-29 02:04:17 AM,0,0
3181,1037,2025-08-01 09:55:25 PM,0,0
33228,254,2025-10-25 12:08:32 PM,0,0
12541,480,2025-08-18 11:31:39 PM,0,0
21491,552,2025-09-21 12:13:07 AM,0,0
46121,84,2025-11-19 03:43:08 PM,0,0
87160,355,2026-03-14 01:30:45 PM,0,0
356,850,2025-07-08 04:27:59 PM,0,0
849,537,2025-07-07 11:48:16 AM,0,0
11307,469,2025-08-19 07:04:54 PM,0,0
63541,890,2026-01-08 04:14:49 PM,0,0
20599,1271,2025-09-17 09:00:18 AM,0,0
21124,497,2025-09-14 08:04:11 PM,0,0
98445,1350,2026-04-17 09:54:05 AM,0,0
88254,4,2026-03-21 08:36:11 PM,0,0
8970,1212,2025-08-11 05:50:27 AM,0,0
74402,1360,2026-02-17 07:50:48 PM,0,0
25927,1317,2025-10-14 02:39:31 PM,0,0
57342,1223,2025-12-19 07:38:34 AM,0,0
84143,352,2026-03-21 02:06:25 AM,0,0
40191,997,2025-11-11 10:45:28 AM,0,0
81564,1184,2026-03-03 02:08:10 AM,0,0
56610,1176,2026-01-07 11:00:31 PM,0,0
67768,1369,2026-02-04 03:29:51 PM,0,0
55881,752,2025-12-19 05:54:59 AM,0,0
35829,1191,2025-10-27 07:40:04 AM,0,0
36712,260,2025-11-05 07:36:31 PM,0,0
74427,586,2026-02-18 06:28:17 PM,0,0
71377,802,2026-02-02 01:23:09 PM,0,0
35673,1178,2025-10-19 11:45:15 PM,0,0
26582,974,2025-09-27 11:29:50 PM,0,0
56362,593,2025-12-21 09:11:03 PM,0,0
53112,543,2025-12-29 09:04:11 AM,0,0
26129,1044,2025-09-26 06:09:58 AM,0,0
17458,502,2025-09-05 11:36:35 PM,0,0
73275,687,2026-02-11 08:43:40 PM,0,0
66413,538,2026-02-03 05:48:39 AM,0,0
74684,430,2026-02-13 07:51:55 AM,0,0
52690,1201,2025-12-10 11:23:06 AM,0,0
38880,917,2025-11-08 04:44:18 AM,0,0
31326,734,2025-10-11 09:28:54 AM,0,0
27188,916,2025-09-23 02:24:51 PM,0,0
42261,758,2025-11-16 01:32:41 PM,0,0
49931,321,2025-11-26 02:04:34 PM,0,0
5079,694,2025-07-22 04:33:59 AM,0,0
94080,1087,2026-04-13 04:15:10 PM,0,0
1459,25,2025-07-26 11:21:14 PM,0,0
62458,739,2026-01-15 04:57:57 AM,0,0
92068,623,2026-03-24 12:46:11 PM,0,0
34900,1334,2025-10-24 07:16:11 AM,0,0
97035,478,2026-04-14 03:35:47 PM,0,0
75734,1311,2026-02-17 08:07:25 PM,0,0
43293,1481,2025-11-24 09:42:16 AM,0,0
44909,1156,2025-11-26 03:55:49 PM,0,0
96328,512,2026-04-14 10:09:04 AM,0,0
59160,143,2025-12-23 11:09:13 PM,0,0
9222,1321,2025-08-14 09:44:36 PM,0,0
52610,721,2025-12-16 03:11:11 AM,0,0
37441,109,2025-10-25 03:01:06 AM,0,0
17442,1164,2025-08-19 09:29:25 AM,0,0
24764,509,2025-09-27 03:18:59 PM,0,0
9438,1193,2025-08-19 11:05:42 AM,0,0
54759,1089,2025-12-23 02:12:45 PM,0,0
68343,840,2026-01-31 07:48:15 PM,0,0
92483,1406,2026-03-29 03:32:05 AM,0,0
91901,583,2026-04-06 01:32:59 PM,0,0
48429,500,2025-12-01 05:19:21 AM,0,0
99914,21,2026-05-02 01:53:29 AM,0,0
46651,1278,2025-11-27 10:43:02 AM,0,0
15065,565,2025-09-05 10:12:17 PM,0,0
80725,599,2026-03-05 09:35:48 PM,0,0
77138,619,2026-02-21 11:48:50 AM,0,0
46110,1458,2025-12-07 08:09:09 PM,0,0
43841,641,2025-11-30 03:11:46 AM,0,0
11872,221,2025-08-17 03:39:34 PM,0,0
69416,1381,2026-02-03 09:57:27 AM,0,0
22117,312,2025-09-05 06:13:29 AM,0,0
33905,225,2025-11-01 04:10:03 AM,0,0
64507,844,2026-01-10 06:43:41 PM,0,0
82306,956,2026-03-06 04:17:58 AM,0,0
75942,736,2026-02-24 07:49:49 PM,0,0
77086,763,2026-03-08 01:52:06 PM,0,0
64173,957,2026-01-24 06:05:24 AM,0,0
30264,520,2025-10-15 03:45:16 AM,0,0
50864,588,2025-11-30 05:42:23 AM,0,0
24155,179,2025-10-11 03:56:54 PM,0,0
83789,121,2026-03-24 07:16:48 AM,0,0
32613,987,2025-10-25 07:56:33 AM,0,0
11704,273,2025-08-23 12:04:01 PM,0,0
71738,947,2026-02-15 10:27:49 AM,0,0
88661,57,2026-03-30 06:37:51 AM,0,0
49304,516,2025-12-04 08:43:55 AM,0,0
93007,1183,2026-04-18 07:00:20 PM,0,0
94232,835,2026-04-08 06:40:01 AM,0,0
88581,1219,2026-04-04 11:29:44 AM,0,0
66443,1097,2026-01-23 01:25:40 PM,0,0
82601,113,2026-03-03 04:48:41 AM,0,0
48237,454,2025-12-10 03:31:43 PM,0,0
42116,495,2025-11-10 08:25:27 PM,0,0
60821,1275,2026-01-05 08:02:41 AM,0,0
66824,391,2026-01-18 06:57:04 AM,0,0
68396,75,2026-01-25 01:11:02 PM,0,0
18030,146,2025-08-29 04:38:22 AM,0,0
18790,763,2025-09-09 10:02:07 AM,0,0
77104,1258,2026-02-24 05:50:38 PM,0,0
81180,1062,2026-02-13 12:54:46 PM,0,0
72847,1329,2026-02-15 08:38:30 PM,0,0
97147,706,2026-05-04 11:40:53 AM,0,0
55064,1466,2025-12-23 11:44:16 PM,0,0
73368,936,2026-02-11 08:14:24 AM,0,0
15673,263,2025-08-29 07:47:29 AM,0,0
5737,224,2025-08-11 06:16:04 PM,0,0
60011,1357,2026-01-07 10:00:30 PM,0,0
98799,526,2026-04-19 06:33:38 AM,0,0
5370,475,2025-07-31 10:27:43 AM,0,0
70287,480,2026-02-02 08:42:52 AM,0,0
77239,1375,2026-02-23 10:59:24 PM,0,0
46625,1337,2025-11-27 03:55:21 AM,0,0
58642,710,2025-12-30 09:05:55 AM,0,0
78150,955,2026-02-19 11:41:55 PM,0,0
45869,971,2025-11-29 11:51:30 PM,0,0
26810,172,2025-10-15 02:31:42 AM,0,0
58235,49,2025-12-17 01:35:21 AM,0,0
85959,1135,2026-03-22 01:40:00 AM,0,0
34111,721,2025-10-25 02:17:46 AM,0,0
71903,1137,2026-02-08 06:28:49 PM,0,0
67985,132,2026-02-04 05:57:45 AM,0,0
1571,1219,2025-07-23 04:30:35 AM,0,0
49442,1175,2025-12-20 07:19:39 PM,0,0
78508,1157,2026-02-18 06:54:28 PM,0,0
3125,635,2025-07-25 01:43:48 PM,0,0
24187,101,2025-09-23 09:22:42 AM,0,0
78777,858,2026-02-26 04:17:21 PM,0,0
36472,864,2025-10-28 10:41:41 PM,0,0
75730,801,2026-02-27 08:50:39 AM,0,0
48646,199,2025-12-05 04:12:23 AM,0,0
10086,658,2025-08-10 11:34:32 PM,0,0
2892,431,2025-07-28 07:13:57 PM,0,0
26161,635,2025-10-06 12:18:52 AM,0,0
61278,1138,2026-01-10 12:36:27 PM,0,0
74193,116,2026-02-20 01:55:32 PM,0,0
62666,385,2026-01-07 10:29:29 AM,0,0
88872,356,2026-03-30 12:56:55 PM,0,0
50776,175,2025-12-16 05:16:12 AM,0,0
43644,953,2025-11-17 08:01:33 PM,0,0
62949,185,2026-01-26 05:34:58 AM,0,0
76705,86,2026-02-23 11:47:27 AM,0,0
68273,537,2026-02-01 09:25:55 PM,0,0
27701,1360,2025-10-13 06:56:02 PM,0,0
24703,1255,2025-09-30 04:19:01 AM,0,0
88906,315,2026-03-28 02:16:03 AM,0,0
22972,827,2025-09-18 12:31:40 AM,0,0
39608,200,2025-10-30 03:04:38 PM,0,0
81270,1263,2026-03-09 01:09:43 AM,0,0
75601,3,2026-02-22 05:04:18 AM,0,0
87240,216,2026-03-25 03:53:15 AM,0,0
53876,311,2025-12-21 06:48:01 PM,0,0
1487,183,2025-08-03 06:52:03 AM,0,0
55728,123,2025-12-13 04:18:13 AM,0,0
88505,730,2026-03-20 02:23:52 PM,0,0
55958,667,2025-12-12 12:20:10 AM,0,0
23,447,2025-07-17 09:33:12 AM,0,0
38472,1032,2025-11-09 01:48:23 PM,0,0
85007,284,2026-03-08 05:20:11 PM,0,0
77665,764,2026-03-06 12:53:13 AM,0,0
67112,1186,2026-01-01 11:38:23 PM,0,0
60147,1244,2026-01-05 10:02:30 PM,0,0
1163,868,2025-07-26 12:08:29 PM,0,0
40572,207,2025-11-17 01:58:29 AM,0,0
44693,1186,2025-11-29 12:29:39 PM,0,0
12874,582,2025-09-03 06:50:23 AM,0,0
28025,1028,2025-10-07 05:59:20 AM,0,0
31909,1216,2025-10-08 09:30:53 PM,0,0
6906,1100,2025-08-05 10:36:18 PM,0,0
35613,165,2025-10-22 06:28:32 AM,0,0
77694,921,2026-03-02 06:34:18 PM,0,0
48924,348,2025-11-23 06:37:47 AM,0,0
95464,1458,2026-04-08 08:09:18 PM,0,0
98346,636,2026-04-23 04:44:28 AM,0,0
75143,1321,2026-02-14 05:26:46 AM,0,0
99977,187,2026-04-14 09:13:28 AM,0,0
67962,1407,2026-01-26 07:00:27 AM,0,0
65228,4,2026-01-21 09:31:15 PM,0,0
12509,1055,2025-08-22 09:12:11 PM,0,0
8959,1425,2025-08-15 04:47:28 AM,0,0
74813,76,2026-02-17 04:38:48 PM,0,0
63493,448,2026-01-16 04:42:31 AM,0,0
45461,1238,2025-12-08 06:41:08 PM,0,0
85305,1223,2026-03-18 05:41:31 AM,0,0
40650,1311,2025-11-11 03:29:10 AM,0,0
70039,299,2026-02-04 07:09:28 PM,0,0
24210,645,2025-10-02 01:54:42 AM,0,0
80072,233,2026-03-01 05:06:57 PM,0,0
24841,336,2025-09-22 08:12:44 AM,0,0
9009,929,2025-08-13 03:37:00 AM,0,0
46054,1018,2025-11-22 12:21:33 AM,0,0
21299,1095,2025-09-15 10:54:21 PM,0,0
22189,1127,2025-09-20 05:36:40 AM,0,0
66560,1190,2026-01-22 06:57:55 AM,0,0
53361,550,2025-12-19 11:51:01 AM,0,0
26921,1045,2025-10-08 11:25:38 PM,0,0
28534,1467,2025-10-08 06:33:18 AM,0,0
30033,667,2025-10-10 06:11:33 PM,0,0
5708,675,2025-08-03 01:12:30 PM,0,0
44342,1149,2025-11-15 08:03:34 AM,0,0
16014,962,2025-08-24 07:14:56 AM,0,0
90817,557,2026-03-26 12:33:40 PM,0,0
10966,559,2025-08-20 09:34:17 AM,0,0
7780,225,2025-08-07 01:23:34 PM,0,0
2422,523,2025-07-13 05:21:07 AM,0,0
550,180,2025-07-24 08:07:56 AM,0,0
16482,385,2025-08-23 09:55:26 PM,0,0
28940,722,2025-09-23 04:17:27 AM,0,0
86928,1151,2026-03-20 11:39:03 AM,0,0
35849,594,2025-10-23 11:32:36 PM,0,0
17394,1262,2025-09-01 01:47:40 PM,0,0
76035,8,2026-02-18 08:55:52 PM,0,0
89260,511,2026-03-07 02:15:38 PM,0,0
1629,125,2025-07-10 02:41:40 PM,0,0
39873,879,2025-11-05 10:02:25 AM,0,0
49396,130,2025-12-03 11:08:14 AM,0,0
78382,923,2026-02-25 11:24:28 PM,0,0
29587,200,2025-09-18 08:21:30 AM,0,0
11205,51,2025-08-14 12:14:50 PM,0,0
85703,1299,2026-03-19 11:22:38 AM,0,0
54619,1187,2025-12-20 07:23:31 AM,0,0
63974,1163,2026-01-18 02:52:04 AM,0,0
7895,1486,2025-08-14 07:39:54 PM,0,0
47700,1329,2025-11-20 04:11:40 PM,0,0
71729,370,2026-02-11 12:16:31 AM,0,0
20418,763,2025-09-13 10:00:49 AM,0,0
81619,991,2026-02-18 08:08:02 PM,0,0
67817,1362,2026-01-28 02:56:21 PM,0,0
57045,906,2025-12-30 05:56:24 PM,0,0
37433,980,2025-11-08 06:37:54 PM,0,0
94130,116,2026-04-18 06:01:33 AM,0,0
96197,328,2026-04-23 09:26:22 AM,0,0
72292,138,2026-02-06 05:21:18 PM,0,0
21078,1357,2025-09-15 01:34:08 PM,0,0
32420,1463,2025-10-23 01:15:05 AM,0,0
90291,1479,2026-03-15 10:49:54 AM,0,0
59315,1173,2026-01-12 01:40:24 AM,0,0
6840,120,2025-08-01 03:16:30 PM,0,0
77034,434,2026-03-03 01:56:03 AM,0,0
34191,1288,2025-10-29 10:01:47 AM,0,0
99311,1468,2026-05-03 01:35:46 AM,0,0
1792,718,2025-07-14 08:48:28 PM,0,0
57959,1298,2025-12-28 01:06:46 PM,0,0
11653,1428,2025-08-14 05:51:57 PM,0,0
15469,963,2025-09-10 08:40:35 AM,0,0
16213,1233,2025-09-03 12:13:18 PM,0,0
70583,600,2026-02-03 04:28:29 AM,0,0
83472,774,2026-03-22 05:40:50 AM,0,0
57881,36,2026-01-05 06:21:59 AM,0,0
34665,1011,2025-10-05 07:53:32 AM,0,0
92382,209,2026-04-03 04:04:35 AM,0,0
41287,414,2025-11-14 07:52:24 PM,0,0
291,703,2025-07-02 08:39:29 PM,0,0
24727,815,2025-09-24 07:06:34 AM,0,0
281,1074,2025-07-22 12:50:48 AM,0,0
58672,1292,2026-01-07 06:56:10 PM,0,0
33211,1443,2025-10-17 01:35:01 PM,0,0
40970,395,2025-11-10 05:03:53 PM,0,0
27137,800,2025-09-29 11:45:50 AM,0,0
82204,791,2026-03-02 03:08:09 PM,0,0
69306,177,2026-02-01 02:29:40 AM,0,0
98488,170,2026-04-25 10:35:26 AM,0,0
98620,709,2026-04-24 12:30:24 AM,0,0
84232,620,2026-03-24 06:20:34 PM,0,0
72809,1198,2026-02-11 08:35:35 AM,0,0
94712,294,2026-04-14 06:36:45 PM,0,0
70745,1384,2026-02-06 08:22:22 AM,0,0
51783,392,2025-12-01 10:54:07 AM,0,0
1790,569,2025-07-24 04:55:30 AM,0,0
44761,554,2025-11-18 07:14:35 PM,0,0
99676,824,2026-05-05 09:52:01 PM,0,0
49369,1372,2025-12-04 03:30:24 PM,0,0
43930,1488,2025-11-23 02:22:58 AM,0,0
3559,996,2025-08-06 01:15:47 PM,0,0
6904,307,2025-08-07 08:57:55 PM,0,0
32282,1391,2025-10-19 11:40:58 PM,0,0
8365,1346,2025-08-20 07:08:12 PM,0,0
1847,235,2025-08-10 03:55:34 AM,0,0
54929,545,2025-12-15 11:25:00 PM,0,0
68759,681,2026-01-27 06:48:11 AM,0,0
9626,69,2025-08-05 11:07:53 PM,0,0
85370,945,2026-03-15 09:30:14 AM,0,0
96199,803,2026-04-16 10:36:29 PM,0,0
40609,916,2025-11-14 10:08:51 AM,0,0
92099,117,2026-03-20 01:27:42 PM,0,0
1523,235,2025-08-05 04:00:33 PM,0,0
72019,1098,2026-01-27 11:39:40 PM,0,0
62073,616,2026-01-11 10:14:37 PM,0,0
76603,768,2026-02-23 12:22:15 AM,0,0
19988,393,2025-09-15 01:33:24 PM,0,0
63216,144,2026-01-17 05:18:42 AM,0,0
65610,641,2026-01-23 11:27:49 AM,0,0
94638,369,2026-04-19 03:26:00 AM,0,0
64115,478,2026-01-10 08:39:24 AM,0,0
70015,1001,2026-01-25 01:00:47 PM,0,0
95374,1353,2026-04-14 06:38:03 PM,0,0
80523,1106,2026-03-01 03:49:23 AM,0,0
44472,1259,2025-11-24 03:24:46 AM,0,0
87139,665,2026-03-12 05:56:43 PM,0,0
4090,160,2025-07-22 10:45:13 PM,0,0
2486,1179,2025-07-29 01:33:47 PM,0,0
20861,1018,2025-09-05 01:03:51 PM,0,0
20698,94,2025-09-18 06:41:54 AM,0,0
29873,1293,2025-10-18 06:52:38 AM,0,0
30243,1260,2025-10-17 12:21:31 AM,0,0
31273,452,2025-10-09 01:40:02 AM,0,0
66103,1261,2026-01-10 06:54:19 AM,0,0
51724,1071,2025-12-20 08:51:02 AM,0,0
5271,1289,2025-08-05 02:28:23 PM,0,0
90506,49,2026-04-10 02:30:11 PM,0,0
46933,372,2025-11-28 05:12:04 PM,0,0
40527,19,2025-11-16 09:53:21 PM,0,0
85921,690,2026-03-10 05:29:26 AM,0,0
54532,722,2025-12-26 05:07:26 AM,0,0
39270,450,2025-11-19 07:02:23 AM,0,0
49995,133,2025-12-05 03:12:12 PM,0,0
34858,581,2025-10-24 05:10:07 AM,0,0
17653,225,2025-09-02 08:14:20 AM,0,0
38385,1456,2025-11-10 12:05:09 AM,0,0
17954,776,2025-09-08 11:39:29 PM,0,0
79904,297,2026-02-26 04:53:33 AM,0,0
52065,1089,2025-12-19 09:33:13 AM,0,0
41523,510,2025-11-14 10:01:46 AM,0,0
3005,386,2025-07-30 08:59:07 AM,0,0
69151,163,2026-01-31 02:40:38 AM,0,0
10897,445,2025-08-06 12:57:24 PM,0,0
18928,111,2025-09-03 07:38:17 PM,0,0
37765,1097,2025-11-04 06:44:51 AM,0,0
20799,1348,2025-08-31 06:38:00 AM,0,0
49967,1028,2025-12-06 02:37:29 AM,0,0
38761,738,2025-11-10 10:29:25 AM,0,0
16476,475,2025-08-27 01:31:55 PM,0,0
91825,596,2026-03-30 03:46:42 AM,0,0
11215,1458,2025-08-20 11:19:14 PM,0,0
98434,1165,2026-04-18 05:39:50 AM,0,0
81169,745,2026-03-02 09:44:30 AM,0,0
89389,681,2026-03-23 06:57:55 PM,0,0
37272,378,2025-10-27 08:50:58 AM,0,0
81004,494,2026-02-24 01:48:26 PM,0,0
85645,131,2026-03-29 01:20:40 PM,0,0
73404,192,2026-02-19 09:20:48 PM,0,0
2629,851,2025-08-04 05:14:07 AM,0,0
52456,1457,2025-12-29 02:37:02 AM,0,0
11424,1273,2025-08-21 07:01:56 PM,0,0
52084,496,2025-12-25 02:11:29 AM,0,0
53974,273,2025-12-26 02:38:02 PM,0,0
14661,626,2025-09-04 11:34:27 AM,0,0
3797,1297,2025-08-07 11:35:40 AM,0,0
12875,1141,2025-08-23 01:12:08 PM,0,0
2882,704,2025-07-21 11:31:21 PM,0,0
42100,1065,2025-10-28 06:30:48 AM,0,0
22179,1104,2025-09-19 05:55:05 PM,0,0
55839,1467,2025-12-19 11:07:59 PM,0,0
13955,1381,2025-08-25 01:12:43 PM,0,0
37519,368,2025-11-13 06:17:12 PM,0,0
87962,67,2026-03-18 12:44:41 PM,0,0
74257,849,2026-02-14 02:37:41 PM,0,0
20724,851,2025-09-17 09:28:01 AM,0,0
52651,827,2025-12-25 10:19:12 PM,0,0
90654,474,2026-04-03 11:31:31 AM,0,0
16805,389,2025-08-29 11:44:58 AM,0,0
21657,824,2025-09-21 01:21:56 PM,0,0
64206,1023,2026-01-06 12:43:26 PM,0,0
52687,518,2025-12-03 08:04:03 PM,0,0
20590,761,2025-09-24 11:35:02 PM,0,0
22242,660,2025-09-26 09:02:28 PM,0,0
11358,71,2025-08-30 11:55:26 AM,0,0
27014,207,2025-10-06 08:30:59 PM,0,0
72362,736,2026-02-10 06:03:35 PM,0,0
73307,1168,2026-02-11 10:18:37 AM,0,0
70098,101,2026-01-31 04:51:53 PM,0,0
80968,978,2026-03-03 04:06:49 AM,0,0
85319,154,2026-03-10 12:01:10 AM,0,0
56843,1225,2025-12-24 06:40:49 PM,0,0
61431,385,2026-01-06 12:01:05 PM,0,0
99126,1155,2026-04-10 10:16:13 PM,0,0
25392,687,2025-09-24 04:57:02 PM,0,0
43215,272,2025-11-15 10:25:06 PM,0,0
67637,1376,2026-02-11 03:03:20 PM,0,0
93895,268,2026-04-11 11:49:40 PM,0,0
44028,738,2025-11-19 10:22:39 PM,0,0
82923,1365,2026-03-16 11:24:08 AM,0,0
42079,1036,2025-11-19 10:25:58 AM,0,0
28572,175,2025-10-04 01:09:24 AM,0,0
4593,696,2025-08-05 12:49:37 AM,0,0
42540,606,2025-11-12 05:04:19 AM,0,0
49685,209,2025-12-03 08:41:53 PM,0,0
96527,1106,2026-04-03 08:56:52 PM,0,0
92609,959,2026-03-29 10:50:43 AM,0,0
82703,767,2026-03-05 02:26:27 PM,0,0
86520,159,2026-03-05 01:06:55 PM,0,0
97928,900,2026-04-23 08:54:42 AM,0,0
87925,1239,2026-03-24 09:43:44 AM,0,0
31760,1336,2025-10-21 08:42:20 AM,0,0
21969,1200,2025-09-03 02:31:03 AM,0,0
72423,368,2026-02-11 02:38:35 PM,0,0
3962,40,2025-07-29 02:17:47 PM,0,0
32480,1335,2025-10-19 06:10:13 AM,0,0
61516,148,2026-01-20 06:16:53 AM,0,0
50518,265,2025-12-10 06:11:24 PM,0,0
34587,863,2025-11-04 02:10:35 AM,0,0
3605,1300,2025-07-19 09:02:55 AM,0,0
40954,13,2025-11-05 05:08:08 PM,0,0
14496,123,2025-08-27 11:20:14 AM,0,0
8687,403,2025-08-09 09:27:35 AM,0,0
51014,419,2025-12-16 06:04:31 PM,0,0
85708,1142,2026-03-12 01:08:05 AM,0,0
99393,1339,2026-04-27 05:54:07 PM,0,0
12255,535,2025-08-16 06:16:07 AM,0,0
13166,1280,2025-08-30 07:03:55 PM,0,0
17263,128,2025-09-05 10:00:02 PM,0,0
74070,616,2026-02-05 12:29:07 AM,0,0
22050,1261,2025-09-18 02:45:20 PM,0,0
32907,1190,2025-10-25 06:41:40 AM,0,0
40779,130,2025-11-18 07:51:52 PM,0,0
86555,150,2026-03-30 04:35:58 AM,0,0
89250,1275,2026-04-01 09:52:55 PM,0,0
47927,487,2025-11-28 04:36:37 AM,0,0
88944,454,2026-03-30 12:01:46 PM,0,0
6408,116,2025-07-28 03:31:23 AM,0,0
52929,917,2025-12-18 11:09:37 AM,0,0
50404,1447,2025-12-06 02:42:38 AM,0,0
7873,996,2025-08-11 10:41:07 AM,0,0
67274,849,2026-01-19 01:27:15 AM,0,0
2942,633,2025-07-30 06:02:32 AM,0,0
30824,802,2025-10-20 11:12:56 AM,0,0
13106,369,2025-08-12 11:06:33 AM,0,0
98398,1242,2026-04-23 09:44:46 PM,0,0
74101,1411,2026-02-12 08:24:49 PM,0,0
52902,1020,2025-12-15 01:31:07 AM,0,0
52031,521,2025-12-06 04:47:13 AM,0,0
41636,615,2025-11-08 06:44:26 PM,0,0
1953,795,2025-07-28 06:28:32 PM,0,0
56081,936,2026-01-01 06:58:21 PM,0,0
3373,666,2025-07-25 03:51:58 PM,0,0
13385,210,2025-08-10 08:10:49 PM,0,0
10783,873,2025-08-22 08:38:30 AM,0,0
3985,1313,2025-08-05 09:04:44 PM,0,0
74276,986,2026-02-06 12:31:28 AM,0,0
50328,664,2025-11-24 03:38:47 AM,0,0
87405,1379,2026-03-14 02:14:39 PM,0,0
85097,1210,2026-03-12 03:21:16 AM,0,0
10914,1172,2025-08-28 10:41:52 PM,0,0
84791,637,2026-03-15 12:59:31 AM,0,0
63101,156,2026-01-22 07:13:37 PM,0,0
61856,1144,2026-01-17 03:42:49 PM,0,0
12221,504,2025-08-14 01:25:49 PM,0,0
93742,1246,2026-04-09 06:05:36 AM,0,0
59354,965,2026-01-17 01:35:53 AM,0,0
84081,469,2026-02-25 12:13:45 PM,0,0
93903,1039,2026-04-02 01:19:06 PM,0,0
74511,19,2026-02-09 12:54:43 PM,0,0
13281,599,2025-08-21 07:47:37 AM,0,0
68429,1352,2026-01-23 02:02:09 AM,0,0
385,1222,2025-07-16 08:09:38 PM,0,0
58677,94,2025-12-29 03:06:45 PM,0,0
51480,794,2025-12-17 02:59:57 PM,0,0
57966,11,2026-01-15 01:54:31 AM,0,0
35898,834,2025-10-14 11:26:15 PM,0,0
93419,162,2026-04-07 02:25:42 PM,0,0
42419,1170,2025-11-12 06:33:47 AM,0,0
98521,286,2026-04-29 05:01:14 PM,0,0
71802,1146,2026-02-10 02:52:06 PM,0,0
11234,1202,2025-08-10 10:27:18 PM,0,0
71284,1453,2026-01-25 11:37:13 PM,0,0
65751,820,2026-01-27 04:37:20 AM,0,0
76618,1232,2026-03-07 02:15:36 AM,0,0
42828,578,2025-11-17 05:01:55 PM,0,0
26245,1436,2025-10-03 01:17:38 PM,0,0
69185,628,2026-01-30 05:18:43 AM,0,0
65970,0,2026-01-18 03:04:07 PM,0,0
7753,1103,2025-08-10 08:51:30 AM,0,0
66222,177,2026-01-27 11:09:00 AM,0,0
16954,1355,2025-08-29 01:00:59 PM,0,0
61962,140,2026-01-14 09:25:13 AM,0,0
20417,368,2025-08-30 05:37:18 AM,0,0
58286,626,2025-12-31 06:30:06 AM,0,0
59520,118,2026-01-02 01:58:49 PM,0,0
16586,1424,2025-09-08 04:56:52 AM,0,0
20584,258,2025-09-11 12:19:34 AM,0,0
1480,1006,2025-07-20 10:10:32 AM,0,0
92199,1477,2026-04-06 02:09:59 AM,0,0
33684,498,2025-10-13 02:26:40 PM,0,0
76050,1043,2026-02-14 12:52:14 PM,0,0
770,811,2025-07-22 08:36:11 PM,0,0
89561,652,2026-03-26 01:47:17 PM,0,0
97089,563,2026-04-11 09:36:04 AM,0,0
60951,339,2025-12-26 03:43:38 PM,0,0
11517,1362,2025-08-28 06:48:43 PM,0,0
70014,1058,2026-01-26 06:40:39 PM,0,0
42667,627,2025-11-19 01:28:04 AM,0,0
90640,819,2026-04-08 02:50:27 AM,0,0
70823,1340,2026-02-04 03:41:39 AM,0,0
90740,473,2026-03-30 07:40:03 PM,0,0
57375,1326,2025-12-28 11:54:54 AM,0,0
39746,410,2025-11-09 11:48:26 AM,0,0
18310,849,2025-09-05 06:02:26 PM,0,0
7546,1275,2025-08-14 01:35:39 PM,0,0
13940,1291,2025-09-02 01:45:26 AM,0,0
19910,426,2025-09-15 03:28:05 AM,0,0
44541,565,2025-11-05 02:59:24 AM,0,0
31024,68,2025-10-22 12:29:25 PM,0,0
17504,734,2025-09-05 05:44:59 PM,0,0
69792,468,2026-02-07 02:01:32 PM,0,0
68527,1382,2026-01-27 11:23:14 PM,0,0
87094,602,2026-03-22 11:40:15 AM,0,0
63876,138,2026-01-15 10:40:20 PM,0,0
31394,1160,2025-10-16 12:31:24 AM,0,0
70007,1274,2026-01-27 08:12:40 AM,0,0
62259,50,2026-01-11 05:43:32 PM,0,0
13836,166,2025-08-26 05:26:17 AM,0,0
49097,1410,2025-11-28 11:34:00 PM,0,0
18588,1144,2025-09-10 02:21:20 PM,0,0
41668,361,2025-11-07 04:29:15 PM,0,0
56158,11,2026-01-06 05:01:31 AM,0,0
83692,679,2026-03-14 08:07:13 PM,0,0
45963,513,2025-11-23 01:56:07 PM,0,0
38803,647,2025-11-05 06:36:52 AM,0,0
51632,459,2025-12-11 11:34:52 AM,0,0
7021,1433,2025-08-03 11:38:44 AM,0,0
28554,707,2025-10-10 09:14:02 AM,0,0
74464,1107,2026-02-19 04:48:01 PM,0,0
48973,1207,2025-11-21 09:22:56 PM,0,0
81571,551,2026-03-14 09:42:53 AM,0,0
62299,1336,2026-01-09 12:14:43 AM,0,0
75594,990,2026-02-23 09:39:07 PM,0,0
32232,1134,2025-10-18 01:03:35 AM,0,0
36714,334,2025-10-25 07:10:35 PM,0,0
48848,74,2025-12-04 07:03:09 AM,0,0
90913,875,2026-03-28 05:07:24 AM,0,0
7259,1219,2025-07-31 06:30:28 AM,0,0
27551,1273,2025-10-09 08:38:51 AM,0,0
94986,634,2026-04-11 02:17:41 PM,0,0
61954,218,2026-01-15 06:26:49 PM,0,0
83910,769,2026-03-09 12:15:16 PM,0,0
29519,729,2025-10-12 04:25:59 PM,0,0
50139,777,2025-12-13 03:11:19 AM,0,0
14272,43,2025-08-18 12:40:35 AM,0,0
5925,479,2025-08-13 08:52:36 AM,0,0
41814,736,2025-11-17 07:48:17 PM,0,0
4788,141,2025-07-26 12:47:57 AM,0,0
35989,133,2025-10-21 05:53:15 PM,0,0
6941,1404,2025-08-01 06:30:06 AM,0,0
24336,1295,2025-09-21 11:05:03 PM,0,0
96917,766,2026-04-24 12:34:42 PM,0,0
91318,1017,2026-04-03 10:13:47 PM,0,0
66602,72,2026-02-05 07:38:48 AM,0,0
79888,323,2026-02-22 02:27:10 PM,0,0
78407,1313,2026-02-25 02:23:08 AM,0,0
8184,999,2025-08-13 09:58:52 PM,0,0
64384,982,2026-01-29 10:21:12 AM,0,0
75800,1420,2026-02-16 07:25:53 AM,0,0
76589,1413,2026-02-26 03:19:03 AM,0,0
27015,898,2025-10-08 04:47:06 PM,0,0
90352,1350,2026-03-30 04:22:50 AM,0,0
57602,370,2025-12-29 11:05:48 PM,0,0
24547,929,2025-09-27 10:15:32 AM,0,0
97365,932,2026-04-20 11:37:30 AM,0,0
95143,1239,2026-04-12 12:51:54 PM,0,0
86176,1314,2026-03-09 11:13:51 PM,0,0
50374,142,2025-12-08 09:47:37 PM,0,0
61863,354,2026-01-06 09:50:38 PM,0,0
97503,364,2026-05-03 07:06:39 PM,0,0
23193,741,2025-09-19 10:28:29 PM,0,0
92259,869,2026-03-31 08:33:21 PM,0,0
87169,225,2026-03-25 07:10:30 PM,0,0
56308,585,2025-12-21 03:37:05 PM,0,0
12951,136,2025-08-22 10:51:11 AM,0,0
20376,253,2025-09-17 02:58:25 PM,0,0
46968,1124,2025-11-28 05:01:18 AM,0,0
11586,47,2025-08-17 03:25:27 AM,0,0
62061,979,2026-01-17 03:49:00 AM,0,0
69087,874,2026-02-06 03:08:23 PM,0,0
86495,716,2026-03-17 07:22:16 AM,0,0
94498,78,2026-03-31 04:46:54 AM,0,0
15983,369,2025-08-27 10:27:41 AM,0,0
23000,997,2025-09-29 07:48:42 PM,0,0
67619,1103,2026-02-04 08:39:05 AM,0,0
30884,1298,2025-10-13 04:32:19 AM,0,0
51915,383,2025-12-19 02:35:05 PM,0,0
16831,616,2025-09-02 05:25:21 PM,0,0
71464,744,2026-02-08 09:31:36 AM,0,0
94193,1027,2026-04-13 05:58:06 AM,0,0
70152,571,2026-02-15 03:50:05 AM,0,0
67649,934,2026-02-05 03:11:39 PM,0,0
94582,308,2026-04-03 06:52:54 AM,0,0
7357,65,2025-08-19 03:07:57 AM,0,0
70202,1210,2026-01-27 02:58:44 PM,0,0
91421,1100,2026-04-13 10:02:17 PM,0,0
96546,381,2026-04-09 02:58:30 PM,0,0
85026,949,2026-03-29 01:45:34 PM,0,0
18338,967,2025-08-31 09:37:12 AM,0,0
24466,1140,2025-10-10 10:12:52 AM,0,0
20775,180,2025-09-09 11:26:42 PM,0,0
72143,1282,2026-02-03 05:18:43 PM,0,0
91382,709,2026-03-23 02:23:44 PM,0,0
38204,1361,2025-11-16 01:16:36 PM,0,0
73812,1312,2026-02-22 01:41:52 AM,0,0
83012,125,2026-03-11 08:38:51 AM,0,0
35447,1001,2025-11-04 02:50:01 AM,0,0
53803,604,2026-01-01 09:47:35 AM,0,0
1143,1363,2025-07-29 09:50:41 AM,0,0
71914,578,2026-02-05 01:33:03 AM,0,0
75924,589,2026-02-15 06:06:51 PM,0,0
81262,215,2026-02-25 05:59:45 AM,0,0
90622,1494,2026-03-22 07:35:07 AM,0,0
59483,1322,2026-01-04 05:19:27 PM,0,0
1212,1070,2025-07-23 03:14:42 PM,0,0
52029,448,2025-12-08 12:29:24 AM,0,0
36129,774,2025-10-18 09:05:06 PM,0,0
46067,607,2025-11-15 06:20:48 PM,0,0
32905,1160,2025-10-18 10:13:41 AM,0,0
3508,918,2025-08-13 03:55:48 PM,0,0
4986,350,2025-07-27 12:49:37 AM,0,0
75816,921,2026-03-01 05:10:25 AM,0,0
90224,472,2026-04-12 01:16:08 AM,0,0
63505,737,2026-01-22 10:37:10 AM,0,0
82603,186,2026-03-16 04:17:12 PM,0,0
3272,1047,2025-07-07 01:39:35 AM,0,0
26750,1228,2025-10-12 01:52:13 AM,0,0
82989,1465,2026-03-10 07:50:33 PM,0,0
18399,1386,2025-09-05 01:55:49 AM,0,0
95027,888,2026-04-13 04:08:44 AM,0,0
34853,1205,2025-10-06 06:43:25 PM,0,0
84572,782,2026-03-04 12:02:17 AM,0,0
2727,630,2025-07-29 11:57:28 PM,0,0
1651,728,2025-08-04 11:38:11 PM,0,0
53830,1460,2025-12-30 11:01:08 AM,0,0
7820,582,2025-08-10 02:39:33 PM,0,0
6016,164,2025-08-18 06:30:57 AM,0,0
67286,292,2026-01-25 04:48:48 AM,0,0
6277,1324,2025-08-08 05:14:33 AM,0,0
7280,971,2025-08-02 05:50:31 PM,0,0
30238,857,2025-10-21 12:38:38 AM,0,0
6521,1383,2025-07-31 12:50:23 PM,0,0
10674,16,2025-08-11 06:21:12 PM,0,0
11033,1426,2025-08-24 01:08:32 AM,0,0
70613,665,2026-02-11 09:32:47 AM,0,0
49801,27,2025-12-02 10:36:27 PM,0,0
932,231,2025-07-05 06:09:21 PM,0,0
68566,1055,2026-02-05 09:42:12 AM,0,0
16519,1419,2025-09-08 05:37:40 PM,0,0
72656,1392,2026-02-11 05:43:42 AM,0,0
18195,763,2025-09-03 10:25:57 AM,0,0
22692,301,2025-09-19 01:33:07 PM,0,0
74406,257,2026-02-16 07:52:44 PM,0,0
61537,1478,2026-01-16 06:24:16 AM,0,0
89181,917,2026-03-31 09:24:33 AM,0,0
46209,974,2025-12-06 05:15:48 AM,0,0
47886,266,2025-11-25 03:39:19 AM,0,0
37232,464,2025-11-10 02:13:50 PM,0,0
86023,1432,2026-03-12 12:03:57 AM,0,0
73004,188,2026-02-11 05:33:30 AM,0,0
46144,940,2025-11-19 06:27:53 AM,0,0
6035,930,2025-08-11 01:29:18 AM,0,0
14510,148,2025-09-04 03:49:24 AM,0,0
63432,1211,2026-01-15 05:51:14 AM,0,0
79962,620,2026-02-13 06:55:35 AM,0,0
83781,1132,2026-03-10 10:38:14 AM,0,0
51449,1347,2025-12-15 02:56:49 PM,0,0
45704,1277,2025-11-29 09:17:14 AM,0,0
11379,572,2025-08-27 08:35:48 AM,0,0
99277,1347,2026-05-09 02:08:18 AM,0,0
26056,714,2025-09-15 07:07:35 AM,0,0
38978,588,2025-11-13 11:23:50 PM,0,0
58757,1228,2025-12-20 04:02:16 PM,0,0
40195,800,2025-11-03 11:52:42 AM,0,0
52087,442,2025-12-25 12:53:39 AM,0,0
69483,1437,2026-02-05 04:07:21 AM,0,0
41765,708,2025-11-08 03:32:42 PM,0,0
77773,216,2026-02-20 03:28:34 AM,0,0
58299,725,2026-01-05 01:34:02 AM,0,0
46991,558,2025-11-27 04:43:34 AM,0,0
52492,28,2025-12-03 06:09:29 PM,0,0
89976,1366,2026-03-27 08:17:26 PM,0,0
32426,103,2025-10-16 11:22:22 AM,0,0
29278,175,2025-10-23 06:39:02 AM,0,0
56512,937,2025-12-20 09:21:15 AM,0,0
82718,175,2026-03-12 02:05:17 PM,0,0
63322,1287,2026-01-13 12:51:21 PM,0,0
17019,524,2025-08-31 11:03:15 AM,0,0
46444,1492,2025-11-26 09:40:44 AM,0,0
49340,1210,2025-11-24 05:16:18 AM,0,0
76970,816,2026-03-02 04:34:37 AM,0,0
44265,471,2025-11-16 05:13:02 AM,0,0
80647,243,2026-03-10 06:17:03 AM,0,0
60285,884,2026-01-08 12:36:29 PM,0,0
83168,338,2026-03-10 12:18:07 AM,0,0
95507,635,2026-04-16 12:52:07 PM,0,0
22805,450,2025-09-09 08:15:25 PM,0,0
53486,444,2025-12-15 05:41:37 PM,0,0
81066,217,2026-03-13 01:24:23 AM,0,0
64699,459,2026-01-03 07:04:19 PM,0,0
6816,1426,2025-08-05 05:11:20 AM,0,0
93739,1449,2026-04-06 04:56:10 AM,0,0
17361,310,2025-08-27 07:01:20 AM,0,0
37279,309,2025-10-31 09:59:24 PM,0,0
47542,1360,2025-11-25 05:42:51 AM,0,0
66862,905,2026-01-26 10:07:20 PM,0,0
95629,493,2026-04-24 05:26:11 PM,0,0
46551,238,2025-11-30 04:31:52 PM,0,0
70632,96,2026-02-05 06:40:00 PM,0,0
20331,472,2025-09-16 05:33:26 AM,0,0
91457,1364,2026-04-01 03:09:13 AM,0,0
82889,933,2026-03-04 09:49:56 AM,0,0
68807,15,2026-02-03 09:47:27 PM,0,0
50023,985,2025-12-05 09:01:37 PM,0,0
95594,30,2026-04-23 08:18:56 AM,0,0
87364,549,2026-03-26 05:09:30 AM,0,0
51392,896,2025-12-02 09:02:49 AM,0,0
55577,1459,2025-12-26 01:27:42 PM,0,0
28290,1478,2025-10-15 09:08:41 AM,0,0
76224,1123,2026-02-23 05:32:29 PM,0,0
63366,1278,2026-01-20 07:41:56 PM,0,0
47350,894,2025-12-05 01:58:06 AM,0,0
38069,686,2025-11-09 10:15:41 AM,0,0
81032,560,2026-03-09 01:28:25 AM,0,0
11652,490,2025-08-23 01:49:07 AM,0,0
64317,403,2026-01-16 02:29:27 PM,0,0
57333,554,2026-01-07 07:30:10 AM,0,0
48674,247,2025-12-14 10:18:42 PM,0,0
351,939,2025-07-31 04:51:41 PM,0,0
62040,1406,2026-01-09 05:53:43 PM,0,0
47912,988,2025-12-01 06:52:43 AM,0,0
59367,269,2026-01-10 12:26:31 PM,0,0
2946,832,2025-07-30 01:04:07 AM,0,0
77454,1443,2026-02-12 08:22:02 AM,0,0
14953,975,2025-08-25 09:02:53 AM,0,0
71720,812,2026-02-05 11:03:41 PM,0,0
66009,698,2026-01-17 02:10:35 PM,0,0
80491,938,2026-03-03 06:14:41 PM,0,0
99449,198,2026-05-11 12:45:28 PM,0,0
93537,575,2026-04-02 03:20:27 PM,0,0
11355,582,2025-08-30 10:41:17 AM,0,0
89290,1421,2026-03-27 01:08:18 PM,0,0
23638,1414,2025-10-04 12:41:06 PM,0,0
89274,791,2026-03-29 03:32:18 AM,0,0
58197,471,2025-12-29 11:52:50 AM,0,0
12996,865,2025-08-26 02:36:28 AM,0,0
35726,896,2025-11-02 12:04:27 AM,0,0
32445,947,2025-10-29 05:28:01 PM,0,0
99898,397,2026-04-23 10:03:34 PM,0,0
95199,1220,2026-04-28 02:11:48 AM,0,0
73703,913,2026-02-09 09:36:03 PM,0,0
99176,1241,2026-05-03 03:35:48 AM,0,0
65561,982,2026-02-02 12:23:44 PM,0,0
9036,1362,2025-08-20 10:11:55 PM,0,0
45153,524,2025-11-21 08:55:58 AM,0,0
91009,47,2026-04-04 09:29:40 PM,0,0
2921,1218,2025-08-08 10:10:09 PM,0,0
25668,1263,2025-10-03 11:25:04 AM,0,0
79616,557,2026-02-11 10:48:24 AM,0,0
18946,1358,2025-09-05 11:07:36 PM,0,0
38994,1266,2025-11-08 08:28:30 AM,0,0
99499,943,2026-04-26 07:58:17 AM,0,0
85952,537,2026-03-15 12:51:45 PM,0,0
32571,1072,2025-10-10 05:26:34 PM,0,0
47515,1354,2025-11-25 12:10:29 AM,0,0
36883,482,2025-10-28 07:06:42 PM,0,0
94943,1373,2026-04-06 12:35:20 PM,0,0
27193,92,2025-10-07 03:54:21 AM,0,0
50110,563,2025-12-03 09:07:01 AM,0,0
87969,928,2026-03-14 11:06:45 AM,0,0
16450,104,2025-09-04 05:46:33 AM,0,0
14085,1227,2025-08-26 09:02:17 AM,0,0
80704,1228,2026-02-27 10:35:23 PM,0,0
19101,1403,2025-09-09 02:29:14 AM,0,0
3520,1245,2025-07-31 05:05:39 AM,0,0
12811,1019,2025-08-07 09:44:29 AM,0,0
53882,227,2025-12-19 05:09:53 AM,0,0
26299,47,2025-10-07 09:16:19 PM,0,0
51018,94,2025-12-21 09:31:04 AM,0,0
54,872,2025-07-20 03:40:21 AM,0,0
26551,895,2025-10-14 04:59:30 AM,0,0
6457,471,2025-08-15 01:39:14 AM,0,0
73570,975,2026-02-14 11:10:11 AM,0,0
12063,507,2025-08-20 06:42:30 AM,0,0
73345,109,2026-02-10 03:30:58 AM,0,0
69520,627,2026-01-19 12:51:49 AM,0,0
85327,1353,2026-03-19 03:40:12 AM,0,0
75550,1418,2026-02-10 04:39:29 AM,0,0
50476,263,2025-12-01 10:41:25 AM,0,0
79161,1029,2026-02-20 07:29:24 PM,0,0
46693,1114,2025-12-02 05:56:39 PM,0,0
15293,1403,2025-09-03 08:03:16 PM,0,0
24748,1368,2025-10-03 04:19:22 AM,0,0
70612,351,2026-02-12 01:48:51 AM,0,0
59087,564,2025-12-25 11:33:50 AM,0,0
21270,384,2025-09-22 06:02:51 PM,0,0
94340,492,2026-03-31 06:14:16 PM,0,0
19125,1081,2025-09-05 04:00:13 AM,0,0
60168,842,2025-12-17 07:49:34 AM,0,0
42923,1034,2025-11-08 01:51:55 AM,0,0
37905,1127,2025-11-12 11:28:54 AM,0,0
37804,598,2025-10-20 09:10:35 PM,0,0
72321,19,2026-02-04 04:55:24 PM,0,0
4106,956,2025-07-18 08:14:04 PM,0,0
2746,76,2025-07-28 10:40:58 AM,0,0
72110,413,2026-02-12 03:55:46 AM,0,0
54014,537,2025-12-15 10:45:42 AM,0,0
38143,246,2025-11-15 06:11:00 PM,0,0
38699,90,2025-11-10 11:07:12 AM,0,0
64791,883,2026-01-21 05:44:13 AM,0,0
82970,863,2026-03-08 08:51:22 PM,0,0
8070,938,2025-08-12 12:47:51 AM,0,0
99313,147,2026-05-01 04:18:02 AM,0,0
39331,1316,2025-11-08 09:33:18 PM,0,0
622,1461,2025-07-17 09:28:47 PM,0,0
50532,165,2025-12-15 08:47:35 PM,0,0
55933,491,2026-01-01 03:40:52 AM,0,0
60170,1369,2026-01-10 02:02:39 PM,0,0
30316,389,2025-10-20 09:55:51 AM,0,0
21978,1321,2025-09-25 01:41:19 AM,0,0
9762,475,2025-08-08 12:00:47 PM,0,0
38094,1084,2025-11-07 12:17:15 AM,0,0
88405,1331,2026-03-19 09:19:56 PM,0,0
83252,566,2026-03-19 05:23:02 PM,0,0
58845,853,2026-01-06 11:05:27 AM,0,0
76769,1292,2026-02-18 06:25:54 PM,0,0
64333,359,2026-01-14 04:52:26 AM,0,0
48174,774,2025-11-30 08:58:30 PM,0,0
87332,712,2026-03-19 07:49:05 PM,0,0
96868,1493,2026-04-22 11:41:38 PM,0,0
68934,1363,2026-02-06 12:47:51 AM,0,0
9204,668,2025-08-11 03:25:20 PM,0,0
73055,1472,2026-02-14 03:10:32 PM,0,0
8464,1469,2025-08-04 07:07:20 AM,0,0
69352,1201,2026-02-06 09:34:50 AM,0,0
4580,1158,2025-07-24 01:39:19 PM,0,0
68516,593,2026-01-27 09:12:27 PM,0,0
85869,1009,2026-03-19 05:35:47 AM,0,0
80975,118,2026-03-11 04:17:19 PM,0,0
16495,798,2025-08-26 05:41:41 AM,0,0
48426,1260,2025-12-02 05:32:53 AM,0,0
21899,490,2025-09-14 08:54:45 AM,0,0
23458,1044,2025-09-23 07:23:58 AM,0,0
81512,193,2026-03-14 11:13:33 PM,0,0
55325,264,2025-12-21 05:05:43 PM,0,0
92359,1107,2026-04-08 01:48:05 PM,0,0
11410,538,2025-08-20 03:24:28 PM,0,0
57676,903,2025-12-31 01:25:39 AM,0,0
63222,906,2026-01-23 03:21:45 AM,0,0
56200,142,2026-01-08 02:41:13 AM,0,0
36926,1450,2025-11-03 07:30:32 AM,0,0
57957,1461,2025-12-19 01:04:02 AM,0,0
35620,670,2025-10-29 12:09:16 PM,0,0
92957,1396,2026-04-08 10:13:21 AM,0,0
26501,431,2025-10-07 10:06:18 PM,0,0
97409,1315,2026-04-22 12:50:10 PM,0,0
7647,1032,2025-08-11 08:27:17 PM,0,0
27737,1374,2025-10-01 04:14:19 PM,0,0
4214,104,2025-08-03 02:25:33 PM,0,0
9656,393,2025-08-12 06:20:16 PM,0,0
99625,1179,2026-04-28 09:58:12 PM,0,0
71031,1119,2026-02-03 09:58:35 AM,0,0
83838,377,2026-03-10 01:13:41 AM,0,0
87820,299,2026-03-29 11:53:40 PM,0,0
19587,375,2025-09-13 03:04:41 AM,0,0
51830,1180,2025-12-04 05:27:23 AM,0,0
22595,1024,2025-09-18 11:27:04 PM,0,0
30337,663,2025-10-14 10:43:39 PM,0,0
21418,186,2025-09-15 02:25:54 AM,0,0
71919,1066,2026-02-12 03:55:37 PM,0,0
36380,729,2025-10-18 01:48:08 PM,0,0
89899,982,2026-03-31 03:59:18 AM,0,0
24539,1421,2025-09-20 04:34:42 PM,0,0
80771,1270,2026-03-03 10:09:52 PM,0,0
3786,552,2025-08-12 04:25:06 AM,0,0
21960,1267,2025-09-11 01:29:39 PM,0,0
20198,860,2025-09-13 07:54:16 AM,0,0
36805,1021,2025-11-04 09:54:17 AM,0,0
29007,390,2025-09-29 08:23:35 PM,0,0
96434,1069,2026-04-06 06:21:11 AM,0,0
14418,389,2025-08-25 05:05:52 AM,0,0
76463,1119,2026-02-20 01:02:53 AM,0,0
75681,752,2026-02-19 03:14:59 AM,0,0
84175,1015,2026-03-09 10:37:02 PM,0,0
4844,997,2025-08-02 07:14:24 AM,0,0
68612,417,2026-01-31 01:24:54 PM,0,0
54065,1234,2025-12-11 10:07:10 PM,0,0
49732,1400,2025-11-30 11:09:40 AM,0,0
7318,144,2025-08-06 05:49:42 PM,0,0
13140,365,2025-08-16 08:59:11 AM,0,0
66815,426,2026-01-31 03:47:06 AM,0,0
75376,320,2026-02-06 07:14:46 PM,0,0
85457,135,2026-03-10 04:49:16 PM,0,0
14328,1372,2025-08-28 08:49:20 AM,0,0
91879,1441,2026-04-06 10:16:59 PM,0,0
89924,1236,2026-03-31 01:00:26 PM,0,0
87360,207,2026-03-21 11:41:18 AM,0,0
7395,311,2025-08-18 05:35:19 PM,0,0
3122,430,2025-07-31 04:17:54 PM,0,0
93766,1465,2026-04-18 05:05:30 AM,0,0
63011,720,2026-01-11 03:29:54 AM,0,0
48131,702,2025-12-03 03:33:00 PM,0,0
28294,460,2025-10-03 02:29:42 AM,0,0
88476,1006,2026-03-07 09:18:19 AM,0,0
85352,1429,2026-03-21 10:23:58 PM,0,0
739,699,2025-07-16 07:37:30 PM,0,0
60473,1180,2026-01-20 06:21:46 PM,0,0
79065,936,2026-02-27 05:08:52 PM,0,0
46840,1452,2025-12-09 07:33:37 AM,0,0
60405,700,2026-01-12 05:57:42 AM,0,0
65088,449,2026-01-23 06:03:02 PM,0,0
31060,185,2025-10-17 08:09:36 PM,0,0
6852,13,2025-08-13 02:22:17 PM,0,0
93416,494,2026-04-09 02:42:33 PM,0,0
30787,1467,2025-10-14 10:19:40 PM,0,0
29064,1494,2025-09-24 02:16:19 AM,0,0
8860,1062,2025-08-12 05:22:05 AM,0,0
78753,796,2026-03-03 02:06:19 PM,0,0
89340,592,2026-04-04 08:36:36 AM,0,0
12203,658,2025-08-13 06:27:16 PM,0,0
36386,781,2025-10-28 04:03:27 AM,0,0
68572,1029,2026-01-22 06:36:30 AM,0,0
67506,98,2026-01-20 08:16:25 PM,0,0
57633,990,2025-12-20 02:35:14 PM,0,0
50165,1092,2025-11-28 08:30:06 AM,0,0
2116,916,2025-07-19 06:18:48 AM,0,0
2294,573,2025-07-30 11:01:25 AM,0,0
13045,1283,2025-08-13 07:27:32 AM,0,0
33500,441,2025-10-18 12:40:36 PM,0,0
70216,823,2026-02-14 04:14:09 PM,0,0
2134,1430,2025-07-22 12:51:38 AM,0,0
58760,1195,2026-01-11 03:01:42 PM,0,0
87741,300,2026-03-14 06:45:03 AM,0,0
57998,1462,2025-12-30 02:58:38 AM,0,0
83590,302,2026-03-06 01:32:50 AM,0,0
45743,1015,2025-11-28 09:45:19 AM,0,0
179,225,2025-07-23 08:56:05 AM,0,0
91054,599,2026-04-03 05:57:22 AM,0,0
66281,1346,2026-01-25 04:19:11 PM,0,0
25365,1235,2025-09-27 07:43:57 PM,0,0
10342,1331,2025-08-09 11:36:19 AM,0,0
95184,1447,2026-04-17 06:33:35 PM,0,0
91493,749,2026-03-27 10:51:44 PM,0,0
67337,916,2026-01-27 07:30:24 PM,0,0
81279,171,2026-03-17 03:39:20 PM,0,0
66933,1063,2026-01-22 12:22:23 AM,0,0
84351,1081,2026-03-20 09:09:18 PM,0,0
5875,1263,2025-08-08 10:32:35 AM,0,0
19507,1304,2025-09-05 03:04:41 AM,0,0
75761,375,2026-02-14 11:20:50 AM,0,0
83110,1148,2026-03-05 08:12:49 AM,0,0
23024,873,2025-09-21 07:03:03 PM,0,0
18293,893,2025-09-07 06:51:54 PM,0,0
12317,226,2025-08-24 08:16:00 PM,0,0
37843,715,2025-11-06 07:11:41 PM,0,0
9952,120,2025-08-13 11:11:26 AM,0,0
44210,955,2025-11-30 03:36:20 PM,0,0
56679,117,2026-01-05 12:51:05 PM,0,0
20846,733,2025-09-04 04:58:11 AM,0,0
28846,775,2025-10-07 09:10:28 PM,0,0
13739,908,2025-08-27 08:36:26 PM,0,0
81633,1097,2026-02-23 02:31:31 AM,0,0
12133,1176,2025-08-25 08:20:31 AM,0,0
78081,908,2026-02-25 10:57:15 AM,0,0
88199,1184,2026-03-29 06:30:09 PM,0,0
44125,489,2025-11-25 11:30:37 AM,0,0
78377,1096,2026-02-20 05:03:34 PM,0,0
6188,486,2025-08-13 11:19:26 AM,0,0
86068,702,2026-03-24 08:55:30 PM,0,0
16134,617,2025-09-01 06:41:59 PM,0,0
53885,1104,2025-12-15 01:47:53 AM,0,0
51921,527,2025-12-08 11:26:31 PM,0,0
53224,133,2025-12-20 06:11:17 PM,0,0
76781,1179,2026-02-19 03:18:05 AM,0,0
37352,1405,2025-11-02 05:11:30 PM,0,0
64233,1039,2026-01-23 03:10:03 PM,0,0
99647,1422,2026-04-16 07:30:54 AM,0,0
23787,1241,2025-09-23 03:22:55 AM,0,0
10018,1282,2025-08-09 04:04:41 PM,0,0
6978,941,2025-08-07 09:17:38 AM,0,0
21241,1096,2025-09-10 01:06:11 PM,0,0
14108,1413,2025-08-21 09:47:20 PM,0,0
23217,1033,2025-09-13 04:10:55 PM,0,0
79268,371,2026-03-10 11:38:52 PM,0,0
52761,1188,2025-12-04 03:57:09 PM,0,0
32961,883,2025-10-18 09:27:42 AM,0,0
64521,335,2026-01-23 08:48:38 AM,0,0
62771,1368,2026-01-15 08:30:32 AM,0,0
46220,21,2025-11-17 08:41:52 PM,0,0
70760,316,2026-02-04 04:21:10 AM,0,0
17045,1327,2025-08-26 07:17:58 PM,0,0
40401,441,2025-11-07 02:28:43 PM,0,0
68636,403,2026-01-19 04:34:40 PM,0,0
60163,1495,2026-01-09 06:55:05 AM,0,0
51781,186,2025-12-24 06:49:00 AM,0,0
25519,397,2025-09-29 06:54:45 AM,0,0
97725,806,2026-05-03 08:56:27 PM,0,0
99843,1324,2026-04-11 01:21:17 AM,0,0
76057,1041,2026-02-18 05:52:43 PM,0,0
63502,1277,2026-01-28 04:21:32 AM,0,0
78255,1334,2026-02-20 04:47:59 PM,0,0
60555,271,2025-12-29 11:33:35 AM,0,0
7928,1181,2025-08-10 11:05:49 AM,0,0
65988,278,2026-01-16 08:44:51 PM,0,0
254,983,2025-07-21 01:39:34 PM,0,0
62451,1034,2026-01-17 07:32:39 PM,0,0
59738,773,2026-01-02 08:45:24 AM,0,0
81882,976,2026-03-13 12:12:13 AM,0,0
46983,776,2025-11-22 07:44:47 AM,0,0
13013,415,2025-08-20 05:45:06 PM,0,0
77516,1186,2026-03-11 10:49:31 PM,0,0
78611,843,2026-02-17 01:42:58 PM,0,0
91992,688,2026-04-12 07:15:00 AM,0,0
71269,959,2026-02-06 05:08:06 PM,0,0
25878,415,2025-10-07 01:53:54 PM,0,0
82655,532,2026-03-05 07:18:58 AM,0,0
22611,675,2025-09-13 05:19:57 AM,0,0
56591,1053,2025-12-27 10:17:16 AM,0,0
86801,450,2026-03-15 04:11:09 PM,0,0
67639,1313,2026-01-30 07:58:54 PM,0,0
45510,905,2025-11-29 05:46:59 AM,0,0
27842,1169,2025-10-11 12:53:58 PM,0,0
54518,590,2025-12-15 10:53:04 PM,0,0
1690,705,2025-08-03 06:28:25 AM,0,0
74482,22,2026-02-11 11:41:33 PM,0,0
55115,928,2025-12-26 12:44:48 AM,0,0
3718,930,2025-08-06 01:08:29 AM,0,0
21390,970,2025-09-16 06:11:54 AM,0,0
58166,434,2026-01-02 04:30:38 AM,0,0
38735,923,2025-11-01 05:58:26 PM,0,0
43316,618,2025-11-11 02:56:03 PM,0,0
91481,361,2026-03-31 08:55:11 AM,0,0
80745,609,2026-03-15 08:13:07 PM,0,0
37361,1247,2025-11-05 06:57:18 PM,0,0
34007,1241,2025-10-17 12:54:08 AM,0,0
87758,840,2026-03-16 07:03:36 AM,0,0
57267,542,2025-12-30 10:13:26 PM,0,0
18667,926,2025-09-05 07:44:30 PM,0,0
86400,389,2026-03-14 11:24:46 AM,0,0
6062,953,2025-07-31 07:28:57 AM,0,0
88795,424,2026-03-27 09:56:17 AM,0,0
19571,691,2025-09-01 11:26:28 AM,0,0
78977,343,2026-02-22 05:15:07 AM,0,0
98037,594,2026-04-29 09:30:17 AM,0,0
59111,507,2026-01-03 06:27:41 PM,0,0
50534,871,2025-12-27 07:15:02 AM,0,0
43183,905,2025-11-22 06:11:58 AM,0,0
40517,953,2025-11-02 03:47:01 PM,0,0
99078,850,2026-04-19 05:56:27 AM,0,0
33638,786,2025-10-28 10:18:20 PM,0,0
48814,475,2025-12-14 01:26:16 PM,0,0
27024,249,2025-09-29 07:03:13 PM,0,0
77110,669,2026-02-27 11:38:02 PM,0,0
22329,184,2025-09-21 10:03:06 PM,0,0
70119,210,2026-01-26 11:30:48 PM,0,0
57873,370,2025-12-29 02:03:21 PM,0,0
83942,932,2026-03-14 04:16:57 AM,0,0
22586,279,2025-09-18 10:43:06 AM,0,0
29723,370,2025-10-06 11:37:35 PM,0,0
82287,953,2026-03-17 10:17:58 AM,0,0
67264,1056,2026-01-30 06:01:27 AM,0,0
95802,1342,2026-04-05 08:00:56 AM,0,0
75116,217,2026-02-15 01:46:31 AM,0,0
7515,1254,2025-08-12 02:13:39 PM,0,0
85158,454,2026-03-27 10:29:39 AM,0,0
30573,1294,2025-10-10 11:03:14 AM,0,0
45732,694,2025-12-02 05:35:42 PM,0,0
29785,870,2025-10-06 02:41:24 PM,0,0
39302,525,2025-10-30 02:43:36 AM,0,0
51564,419,2025-12-19 03:38:19 PM,0,0
80147,98,2026-02-25 11:12:30 PM,0,0
33741,1247,2025-10-24 12:33:36 PM,0,0
25649,315,2025-09-26 10:27:53 AM,0,0
17238,71,2025-09-14 12:01:53 PM,0,0
72235,271,2026-01-19 01:30:02 AM,0,0
